{"stats":{"minecraft:custom":{"minecraft:animals_bred":12,"minecraft:interact_with_crafting_table":103,"minecraft:open_barrel":1,"minecraft:leave_game":3,"minecraft:time_since_death":508085,"minecraft:sprint_one_cm":1519189,"minecraft:damage_blocked_by_shield":3900,"minecraft:drop":115,"minecraft:talked_to_villager":14,"minecraft:play_time":612710,"minecraft:deaths":3,"minecraft:jump":15741,"minecraft:walk_on_water_one_cm":85730,"minecraft:interact_with_furnace":77,"minecraft:traded_with_villager":50,"minecraft:sleep_in_bed":1,"minecraft:damage_dealt":24164,"minecraft:crouch_one_cm":273791,"minecraft:interact_with_smoker":68,"minecraft:horse_one_cm":907,"minecraft:mob_kills":175,"minecraft:climb_one_cm":6512,"minecraft:walk_one_cm":1568426,"minecraft:sneak_time":71371,"minecraft:walk_under_water_one_cm":51095,"minecraft:boat_one_cm":248634,"minecraft:interact_with_blast_furnace":17,"minecraft:total_world_time":612710,"minecraft:interact_with_stonecutter":1,"minecraft:time_since_rest":72380,"minecraft:damage_taken":5567,"minecraft:swim_one_cm":147291,"minecraft:fly_one_cm":2805794,"minecraft:open_chest":140,"minecraft:fall_one_cm":449937},"minecraft:mined":{"minecraft:dark_oak_planks":49,"minecraft:white_bed":2,"minecraft:cherry_log":697,"minecraft:cobblestone_stairs":1,"minecraft:sculk_vein":2,"minecraft:brewing_stand":1,"minecraft:cave_vines_plant":21,"minecraft:granite":2,"minecraft:grass_block":258,"minecraft:spawner":2,"minecraft:dark_oak_trapdoor":5,"minecraft:barrel":10,"minecraft:iron_ore":63,"minecraft:cobbled_deepslate":14,"minecraft:fletching_table":1,"minecraft:deepslate_lapis_ore":14,"minecraft:azure_bluet":1,"minecraft:dark_oak_stairs":78,"minecraft:cave_vines":46,"minecraft:deepslate_redstone_ore":12,"minecraft:smoker":8,"minecraft:clay":11,"minecraft:torch":7,"minecraft:blast_furnace":1,"minecraft:chest":1,"minecraft:cobblestone":7,"minecraft:sugar_cane":12,"minecraft:wall_torch":6,"minecraft:pink_petals":91,"minecraft:cherry_fence":3,"minecraft:dark_oak_slab":107,"minecraft:wheat":75,"minecraft:birch_log":88,"minecraft:grass":188,"minecraft:oak_log":233,"minecraft:dark_oak_sapling":3,"minecraft:sand":94,"minecraft:dirt":395,"minecraft:stonecutter":2,"minecraft:red_mushroom_block":12,"minecraft:oak_leaves":58,"minecraft:deepslate":164,"minecraft:tuff":3,"minecraft:dark_oak_leaves":4,"minecraft:deepslate_diamond_ore":16,"minecraft:oak_door":2,"minecraft:stripped_cherry_log":2,"minecraft:cherry_sapling":11,"minecraft:dark_oak_log":378,"minecraft:ladder":6,"minecraft:moss_block":10,"minecraft:furnace":4,"minecraft:carrots":23,"minecraft:andesite":18,"minecraft:potatoes":124,"minecraft:deepslate_iron_ore":79,"minecraft:vine":1,"minecraft:lantern":1,"minecraft:stone":990,"minecraft:cherry_stairs":6,"minecraft:white_wool":10,"minecraft:birch_stairs":13,"minecraft:flowering_azalea":5,"minecraft:cherry_planks":126,"minecraft:dandelion":8,"minecraft:crafting_table":17,"minecraft:emerald_ore":1,"minecraft:sculk_sensor":7,"minecraft:copper_ore":10,"minecraft:tall_grass":17,"minecraft:lapis_ore":1,"minecraft:deepslate_gold_ore":41,"minecraft:sculk":38,"minecraft:diorite":10,"minecraft:birch_planks":203,"minecraft:coal_ore":238,"minecraft:cherry_leaves":554,"minecraft:gravel":95},"minecraft:broken":{"minecraft:stone_axe":1,"minecraft:stone_shovel":3,"minecraft:iron_hoe":1,"minecraft:diamond_axe":1,"minecraft:iron_axe":2,"minecraft:iron_pickaxe":1},"minecraft:killed":{"minecraft:spider":17,"minecraft:skeleton":36,"minecraft:chicken":3,"minecraft:pig":22,"minecraft:zombie_villager":1,"minecraft:creeper":17,"minecraft:sheep":24,"minecraft:zombie":40,"minecraft:cow":5,"minecraft:phantom":3,"minecraft:drowned":2,"minecraft:enderman":2},"minecraft:crafted":{"minecraft:oak_planks":848,"minecraft:stone":523,"minecraft:cobblestone_stairs":8,"minecraft:diamond_shovel":1,"minecraft:cooked_mutton":6,"minecraft:bow":2,"minecraft:iron_boots":1,"minecraft:chest":3,"minecraft:stone_hoe":1,"minecraft:cherry_fence":78,"minecraft:smoker":3,"minecraft:glass_bottle":3,"minecraft:emerald":50,"minecraft:cooked_porkchop":26,"minecraft:diamond_axe":2,"minecraft:crafting_table":8,"minecraft:wooden_pickaxe":2,"minecraft:baked_potato":159,"minecraft:iron_helmet":1,"minecraft:fletching_table":3,"minecraft:birch_planks":244,"minecraft:campfire":1,"minecraft:dark_oak_slab":504,"minecraft:iron_chestplate":1,"minecraft:diamond_pickaxe":1,"minecraft:shield":2,"minecraft:stick":1624,"minecraft:iron_ingot":117,"minecraft:iron_pickaxe":1,"minecraft:birch_stairs":12,"minecraft:cherry_planks":704,"minecraft:oak_door":3,"minecraft:stone_shovel":4,"minecraft:iron_nugget":45,"minecraft:furnace":6,"minecraft:dark_oak_trapdoor":10,"minecraft:bone_meal":148,"minecraft:lantern":5,"minecraft:iron_axe":2,"minecraft:ladder":9,"minecraft:iron_hoe":1,"minecraft:cherry_stairs":40,"minecraft:stone_pickaxe":4,"minecraft:dark_oak_planks":1252,"minecraft:cooked_beef":5,"minecraft:diamond_sword":1,"minecraft:dark_oak_stairs":248,"minecraft:stone_axe":3,"minecraft:bread":4,"minecraft:air":0,"minecraft:cherry_door":3,"minecraft:iron_leggings":1,"minecraft:torch":24},"minecraft:picked_up":{"minecraft:wooden_axe":2,"minecraft:iron_chestplate":1,"minecraft:wheat":74,"minecraft:diamond_sword":2,"minecraft:potion":1,"minecraft:brewing_stand":1,"minecraft:string":22,"minecraft:dark_oak_trapdoor":5,"minecraft:raw_copper":33,"minecraft:iron_leggings":1,"minecraft:cobbled_deepslate":222,"minecraft:furnace":7,"minecraft:iron_boots":1,"minecraft:stick":157,"minecraft:big_dripleaf":4,"minecraft:torch":18,"minecraft:porkchop":46,"minecraft:cherry_log":697,"minecraft:honey_bottle":1,"minecraft:rotten_flesh":54,"minecraft:tropical_fish":46,"minecraft:cobblestone":954,"minecraft:birch_log":88,"minecraft:pink_petals":220,"minecraft:feather":1,"minecraft:cherry_planks":126,"minecraft:water_bucket":1,"minecraft:andesite":4,"minecraft:brown_wool":1,"minecraft:dark_oak_boat":1,"minecraft:smoker":8,"minecraft:potato":418,"minecraft:flint":18,"minecraft:tuff":13,"minecraft:cherry_fence":3,"minecraft:cherry_door":1,"minecraft:dirt":771,"minecraft:lapis_lazuli":121,"minecraft:lantern":1,"minecraft:name_tag":4,"minecraft:leather_boots":1,"minecraft:bone":43,"minecraft:glass":6,"minecraft:stonecutter":2,"minecraft:bow":8,"minecraft:wheat_seeds":297,"minecraft:raw_gold":54,"minecraft:fletching_table":1,"minecraft:moss_block":26,"minecraft:oak_planks":32,"minecraft:stone_hoe":1,"minecraft:cooked_porkchop":8,"minecraft:poisonous_potato":1,"minecraft:sand":94,"minecraft:grass_block":1,"minecraft:red_terracotta":5,"minecraft:dark_oak_log":411,"minecraft:barrel":10,"minecraft:blue_terracotta":3,"minecraft:diamond":22,"minecraft:bone_meal":4,"minecraft:emerald":1,"minecraft:bread":1,"minecraft:oak_sapling":27,"minecraft:diamond_pickaxe":1,"minecraft:crafting_table":18,"minecraft:azure_bluet":1,"minecraft:chicken":3,"minecraft:ladder":6,"minecraft:clay_ball":112,"minecraft:brown_mushroom":1,"minecraft:wooden_pickaxe":2,"minecraft:stripped_cherry_log":2,"minecraft:shield":2,"minecraft:oak_trapdoor":2,"minecraft:moss_carpet":16,"minecraft:wooden_sword":1,"minecraft:item_frame":3,"minecraft:iron_shovel":2,"minecraft:beef":10,"minecraft:oak_boat":6,"minecraft:iron_nugget":8,"minecraft:sugar_cane":21,"minecraft:chest":1,"minecraft:birch_sapling":9,"minecraft:egg":64,"minecraft:dark_oak_sapling":10,"minecraft:raw_iron":189,"minecraft:cherry_stairs":6,"minecraft:oak_door":2,"minecraft:bowl":1,"minecraft:carrot":81,"minecraft:redstone":56,"minecraft:dark_oak_planks":63,"minecraft:stone_shovel":1,"minecraft:arrow":60,"minecraft:saddle":1,"minecraft:glow_berries":189,"minecraft:mutton":35,"minecraft:white_wool":24,"minecraft:glow_ink_sac":17,"minecraft:salmon":5,"minecraft:leather":4,"minecraft:red_mushroom":4,"minecraft:birch_planks":305,"minecraft:oak_log":234,"minecraft:lily_pad":1,"minecraft:gunpowder":42,"minecraft:cobblestone_stairs":1,"minecraft:apple":3,"minecraft:stone_pickaxe":1,"minecraft:flowering_azalea":9,"minecraft:dark_oak_stairs":78,"minecraft:dark_oak_slab":110,"minecraft:dandelion":9,"minecraft:gravel":50,"minecraft:birch_stairs":20,"minecraft:blast_furnace":1,"minecraft:white_bed":2,"minecraft:spider_eye":10,"minecraft:stone_axe":2,"minecraft:diamond_axe":1,"minecraft:cherry_sapling":197,"minecraft:gray_wool":1,"minecraft:black_wool":1,"minecraft:coal":319,"minecraft:ender_pearl":1},"minecraft:dropped":{"minecraft:brown_mushroom":1,"minecraft:birch_planks":128,"minecraft:oak_log":1,"minecraft:baked_potato":5,"minecraft:glow_ink_sac":1,"minecraft:glass_bottle":1,"minecraft:crafting_table":1,"minecraft:dark_oak_sapling":2,"minecraft:cooked_porkchop":5,"minecraft:glow_berries":2,"minecraft:flint":1,"minecraft:dirt":73,"minecraft:dark_oak_log":18,"minecraft:bone_meal":2,"minecraft:dark_oak_planks":19,"minecraft:cherry_door":2,"minecraft:white_wool":1,"minecraft:birch_stairs":12,"minecraft:bone":7,"minecraft:gravel":36,"minecraft:stone_axe":2,"minecraft:rotten_flesh":9,"minecraft:oak_planks":32,"minecraft:salmon":1,"minecraft:gunpowder":10,"minecraft:leather_boots":1,"minecraft:egg":60,"minecraft:stone_hoe":1,"minecraft:iron_ingot":2,"minecraft:bread":2,"minecraft:wheat_seeds":79,"minecraft:poisonous_potato":1,"minecraft:cobblestone":18,"minecraft:tropical_fish":25,"minecraft:stick":34,"minecraft:wooden_axe":1,"minecraft:iron_shovel":1,"minecraft:pink_petals":18,"minecraft:lily_pad":1,"minecraft:moss_carpet":12,"minecraft:oak_trapdoor":2,"minecraft:bowl":1,"minecraft:tuff":6,"minecraft:stone_shovel":2,"minecraft:chicken":1,"minecraft:clay_ball":68,"minecraft:name_tag":2,"minecraft:diamond_sword":1,"minecraft:big_dripleaf":4,"minecraft:potato":12,"minecraft:shield":2,"minecraft:oak_sapling":1,"minecraft:spider_eye":6,"minecraft:bow":2,"minecraft:stone_pickaxe":3,"minecraft:wooden_pickaxe":1},"minecraft:used":{"minecraft:moss_block":24,"minecraft:cherry_sapling":153,"minecraft:blue_terracotta":3,"minecraft:iron_shovel":9,"minecraft:ladder":12,"minecraft:chest":4,"minecraft:shield":91,"minecraft:stone":371,"minecraft:rotten_flesh":14,"minecraft:iron_chestplate":1,"minecraft:mutton":1,"minecraft:carrot":74,"minecraft:tuff":4,"minecraft:azure_bluet":1,"minecraft:lantern":6,"minecraft:iron_helmet":1,"minecraft:dark_oak_slab":603,"minecraft:item_frame":3,"minecraft:bow":33,"minecraft:dark_oak_boat":1,"minecraft:oak_sapling":2,"minecraft:furnace":7,"minecraft:egg":3,"minecraft:potato":204,"minecraft:dark_oak_sapling":8,"minecraft:dark_oak_stairs":234,"minecraft:stone_pickaxe":176,"minecraft:wooden_pickaxe":31,"minecraft:diamond_axe":1699,"minecraft:sugar_cane":6,"minecraft:white_wool":11,"minecraft:glow_berries":139,"minecraft:dark_oak_trapdoor":13,"minecraft:blast_furnace":1,"minecraft:bread":10,"minecraft:brown_wool":1,"minecraft:string":7,"minecraft:red_terracotta":5,"minecraft:diamond_sword":273,"minecraft:andesite":2,"minecraft:oak_boat":6,"minecraft:bone_meal":134,"minecraft:tropical_fish":21,"minecraft:stone_shovel":500,"minecraft:stone_hoe":110,"minecraft:oak_door":2,"minecraft:torch":32,"minecraft:dirt":335,"minecraft:salmon_bucket":19,"minecraft:iron_hoe":265,"minecraft:dark_oak_planks":589,"minecraft:wooden_axe":2,"minecraft:flowering_azalea":8,"minecraft:iron_axe":501,"minecraft:iron_boots":2,"minecraft:barrel":10,"minecraft:cooked_beef":5,"minecraft:cobbled_deepslate":73,"minecraft:cherry_fence":73,"minecraft:cherry_log":513,"minecraft:iron_leggings":2,"minecraft:wheat_seeds":130,"minecraft:cooked_mutton":4,"minecraft:water_bucket":148,"minecraft:cobblestone_stairs":9,"minecraft:birch_planks":203,"minecraft:glass_bottle":11,"minecraft:baked_potato":63,"minecraft:cherry_planks":617,"minecraft:fletching_table":4,"minecraft:crafting_table":24,"minecraft:white_bed":2,"minecraft:campfire":1,"minecraft:smoker":11,"minecraft:diamond_pickaxe":1279,"minecraft:apple":2,"minecraft:diamond_shovel":187,"minecraft:cherry_door":2,"minecraft:chicken":1,"minecraft:iron_pickaxe":252,"minecraft:pink_petals":169,"minecraft:stone_axe":106,"minecraft:cobblestone":189,"minecraft:potion":11,"minecraft:cherry_stairs":14,"minecraft:cooked_porkchop":29,"minecraft:bucket":168,"minecraft:dandelion":8,"minecraft:birch_stairs":13}},"DataVersion":3465}