{"stats":{"minecraft:killed":{"minecraft:spider":17,"minecraft:skeleton":33,"minecraft:chicken":3,"minecraft:drowned":1,"minecraft:pig":22,"minecraft:zombie_villager":1,"minecraft:creeper":15,"minecraft:sheep":24,"minecraft:zombie":38,"minecraft:enderman":2,"minecraft:cow":5},"minecraft:picked_up":{"minecraft:wooden_axe":2,"minecraft:iron_chestplate":1,"minecraft:crafting_table":7,"minecraft:wheat":50,"minecraft:azure_bluet":1,"minecraft:chicken":3,"minecraft:clay_ball":112,"minecraft:brown_mushroom":1,"minecraft:diamond_sword":2,"minecraft:wooden_pickaxe":2,"minecraft:potion":1,"minecraft:brewing_stand":1,"minecraft:shield":2,"minecraft:raw_copper":33,"minecraft:string":22,"minecraft:moss_carpet":16,"minecraft:wooden_sword":1,"minecraft:iron_leggings":1,"minecraft:iron_shovel":1,"minecraft:cobbled_deepslate":222,"minecraft:beef":10,"minecraft:oak_boat":6,"minecraft:iron_nugget":8,"minecraft:sugar_cane":21,"minecraft:chest":1,"minecraft:birch_sapling":3,"minecraft:egg":1,"minecraft:furnace":7,"minecraft:iron_boots":1,"minecraft:stick":107,"minecraft:raw_iron":189,"minecraft:cherry_stairs":3,"minecraft:oak_door":2,"minecraft:big_dripleaf":4,"minecraft:torch":12,"minecraft:bowl":1,"minecraft:porkchop":46,"minecraft:cherry_log":286,"minecraft:carrot":29,"minecraft:redstone":56,"minecraft:dark_oak_planks":10,"minecraft:stone_shovel":1,"minecraft:honey_bottle":1,"minecraft:arrow":56,"minecraft:rotten_flesh":51,"minecraft:tropical_fish":46,"minecraft:saddle":1,"minecraft:glow_berries":189,"minecraft:mutton":35,"minecraft:cobblestone":951,"minecraft:white_wool":14,"minecraft:pink_petals":184,"minecraft:feather":1,"minecraft:andesite":4,"minecraft:cherry_planks":5,"minecraft:glow_ink_sac":16,"minecraft:water_bucket":1,"minecraft:salmon":4,"minecraft:brown_wool":1,"minecraft:leather":4,"minecraft:dark_oak_boat":1,"minecraft:red_mushroom":4,"minecraft:smoker":4,"minecraft:potato":190,"minecraft:flint":2,"minecraft:tuff":13,"minecraft:oak_log":37,"minecraft:lily_pad":1,"minecraft:cherry_fence":2,"minecraft:gunpowder":40,"minecraft:cobblestone_stairs":1,"minecraft:lapis_lazuli":121,"minecraft:dirt":719,"minecraft:name_tag":4,"minecraft:leather_boots":1,"minecraft:glass":6,"minecraft:bone":41,"minecraft:apple":1,"minecraft:bow":7,"minecraft:wheat_seeds":183,"minecraft:raw_gold":54,"minecraft:stone_pickaxe":1,"minecraft:moss_block":26,"minecraft:stone_hoe":1,"minecraft:flowering_azalea":9,"minecraft:dark_oak_slab":1,"minecraft:cooked_porkchop":8,"minecraft:poisonous_potato":1,"minecraft:dandelion":9,"minecraft:gravel":18,"minecraft:blast_furnace":1,"minecraft:white_bed":1,"minecraft:grass_block":1,"minecraft:red_terracotta":5,"minecraft:dark_oak_log":54,"minecraft:spider_eye":10,"minecraft:blue_terracotta":3,"minecraft:diamond":22,"minecraft:stone_axe":2,"minecraft:bone_meal":4,"minecraft:cherry_sapling":142,"minecraft:gray_wool":1,"minecraft:emerald":1,"minecraft:bread":1,"minecraft:oak_sapling":12,"minecraft:black_wool":1,"minecraft:coal":293,"minecraft:ender_pearl":1,"minecraft:diamond_pickaxe":1},"minecraft:mined":{"minecraft:tuff":3,"minecraft:white_bed":1,"minecraft:deepslate_diamond_ore":16,"minecraft:oak_door":2,"minecraft:sculk_vein":2,"minecraft:cherry_log":286,"minecraft:cobblestone_stairs":1,"minecraft:cherry_sapling":9,"minecraft:dark_oak_log":21,"minecraft:brewing_stand":1,"minecraft:granite":2,"minecraft:cave_vines_plant":21,"minecraft:grass_block":258,"minecraft:moss_block":10,"minecraft:spawner":2,"minecraft:furnace":4,"minecraft:carrots":7,"minecraft:iron_ore":63,"minecraft:cobbled_deepslate":14,"minecraft:andesite":18,"minecraft:deepslate_lapis_ore":14,"minecraft:azure_bluet":1,"minecraft:potatoes":51,"minecraft:vine":1,"minecraft:cave_vines":46,"minecraft:deepslate_iron_ore":79,"minecraft:stone":990,"minecraft:cherry_stairs":3,"minecraft:deepslate_redstone_ore":12,"minecraft:flowering_azalea":5,"minecraft:cherry_planks":5,"minecraft:smoker":4,"minecraft:dandelion":8,"minecraft:clay":11,"minecraft:crafting_table":6,"minecraft:torch":6,"minecraft:blast_furnace":1,"minecraft:emerald_ore":1,"minecraft:chest":1,"minecraft:sculk_sensor":7,"minecraft:copper_ore":10,"minecraft:cobblestone":7,"minecraft:tall_grass":17,"minecraft:lapis_ore":1,"minecraft:deepslate_gold_ore":41,"minecraft:sugar_cane":12,"minecraft:diorite":10,"minecraft:sculk":38,"minecraft:wall_torch":3,"minecraft:pink_petals":91,"minecraft:cherry_fence":2,"minecraft:wheat":51,"minecraft:grass":179,"minecraft:coal_ore":238,"minecraft:oak_log":36,"minecraft:cherry_leaves":303,"minecraft:gravel":1,"minecraft:dirt":386,"minecraft:red_mushroom_block":12,"minecraft:oak_leaves":19,"minecraft:deepslate":164},"minecraft:used":{"minecraft:moss_block":24,"minecraft:cherry_sapling":114,"minecraft:blue_terracotta":3,"minecraft:tropical_fish":21,"minecraft:stone_shovel":500,"minecraft:chest":3,"minecraft:shield":91,"minecraft:stone":371,"minecraft:stone_hoe":110,"minecraft:rotten_flesh":14,"minecraft:oak_door":2,"minecraft:iron_chestplate":1,"minecraft:torch":19,"minecraft:dirt":280,"minecraft:mutton":1,"minecraft:carrot":29,"minecraft:salmon_bucket":17,"minecraft:tuff":4,"minecraft:azure_bluet":1,"minecraft:iron_hoe":97,"minecraft:wooden_axe":2,"minecraft:dark_oak_planks":9,"minecraft:flowering_azalea":8,"minecraft:iron_helmet":1,"minecraft:dark_oak_slab":1,"minecraft:iron_boots":2,"minecraft:bow":11,"minecraft:dark_oak_boat":1,"minecraft:furnace":7,"minecraft:oak_sapling":1,"minecraft:cooked_beef":5,"minecraft:potato":142,"minecraft:cobbled_deepslate":73,"minecraft:cherry_fence":31,"minecraft:cherry_log":185,"minecraft:iron_leggings":2,"minecraft:wheat_seeds":88,"minecraft:cooked_mutton":4,"minecraft:water_bucket":66,"minecraft:cobblestone_stairs":9,"minecraft:glass_bottle":11,"minecraft:stone_pickaxe":176,"minecraft:baked_potato":21,"minecraft:wooden_pickaxe":31,"minecraft:cherry_planks":212,"minecraft:diamond_axe":379,"minecraft:white_wool":2,"minecraft:glow_berries":139,"minecraft:crafting_table":11,"minecraft:blast_furnace":1,"minecraft:white_bed":1,"minecraft:campfire":1,"minecraft:smoker":7,"minecraft:diamond_pickaxe":1272,"minecraft:apple":1,"minecraft:brown_wool":1,"minecraft:chicken":1,"minecraft:bread":10,"minecraft:string":7,"minecraft:iron_pickaxe":252,"minecraft:red_terracotta":5,"minecraft:stone_axe":106,"minecraft:pink_petals":151,"minecraft:diamond_sword":266,"minecraft:potion":11,"minecraft:cobblestone":189,"minecraft:cherry_stairs":12,"minecraft:cooked_porkchop":25,"minecraft:andesite":2,"minecraft:bucket":84,"minecraft:oak_boat":6,"minecraft:dandelion":8,"minecraft:bone_meal":119},"minecraft:dropped":{"minecraft:stone_hoe":1,"minecraft:bread":2,"minecraft:brown_mushroom":1,"minecraft:wheat_seeds":18,"minecraft:oak_log":1,"minecraft:glass_bottle":1,"minecraft:crafting_table":1,"minecraft:cooked_porkchop":5,"minecraft:poisonous_potato":1,"minecraft:cobblestone":15,"minecraft:glow_berries":2,"minecraft:tropical_fish":25,"minecraft:flint":1,"minecraft:stick":32,"minecraft:dirt":73,"minecraft:dark_oak_log":18,"minecraft:wooden_axe":1,"minecraft:bone_meal":2,"minecraft:dark_oak_planks":8,"minecraft:white_wool":1,"minecraft:lily_pad":1,"minecraft:bone":7,"minecraft:gravel":4,"minecraft:stone_axe":2,"minecraft:moss_carpet":12,"minecraft:bowl":1,"minecraft:tuff":6,"minecraft:stone_shovel":1,"minecraft:chicken":1,"minecraft:rotten_flesh":6,"minecraft:clay_ball":68,"minecraft:name_tag":2,"minecraft:diamond_sword":1,"minecraft:big_dripleaf":4,"minecraft:shield":2,"minecraft:gunpowder":8,"minecraft:leather_boots":1,"minecraft:oak_sapling":1,"minecraft:spider_eye":6,"minecraft:bow":1,"minecraft:wooden_pickaxe":1,"minecraft:stone_pickaxe":3},"minecraft:broken":{"minecraft:stone_axe":1,"minecraft:iron_pickaxe":1,"minecraft:stone_shovel":3},"minecraft:custom":{"minecraft:mob_kills":164,"minecraft:animals_bred":12,"minecraft:interact_with_crafting_table":66,"minecraft:leave_game":2,"minecraft:time_since_death":306433,"minecraft:climb_one_cm":3126,"minecraft:sprint_one_cm":1028386,"minecraft:walk_one_cm":980995,"minecraft:damage_blocked_by_shield":3900,"minecraft:drop":74,"minecraft:talked_to_villager":1,"minecraft:play_time":411058,"minecraft:deaths":3,"minecraft:sneak_time":35970,"minecraft:walk_under_water_one_cm":40082,"minecraft:boat_one_cm":248634,"minecraft:jump":11743,"minecraft:interact_with_blast_furnace":7,"minecraft:walk_on_water_one_cm":72796,"minecraft:total_world_time":411058,"minecraft:interact_with_furnace":72,"minecraft:interact_with_stonecutter":1,"minecraft:time_since_rest":307048,"minecraft:damage_taken":4280,"minecraft:damage_dealt":23393,"minecraft:swim_one_cm":140483,"minecraft:fly_one_cm":2047811,"minecraft:open_chest":97,"minecraft:crouch_one_cm":107866,"minecraft:interact_with_smoker":55,"minecraft:fall_one_cm":345281,"minecraft:horse_one_cm":907},"minecraft:crafted":{"minecraft:cherry_planks":316,"minecraft:oak_door":3,"minecraft:oak_planks":60,"minecraft:stone_shovel":4,"minecraft:furnace":6,"minecraft:stone":382,"minecraft:cobblestone_stairs":8,"minecraft:bone_meal":148,"minecraft:cooked_mutton":6,"minecraft:bow":2,"minecraft:iron_boots":1,"minecraft:iron_hoe":1,"minecraft:cherry_stairs":40,"minecraft:stone_pickaxe":4,"minecraft:chest":2,"minecraft:dark_oak_planks":60,"minecraft:stone_hoe":1,"minecraft:cherry_fence":33,"minecraft:smoker":3,"minecraft:cooked_beef":5,"minecraft:glass_bottle":3,"minecraft:diamond_sword":1,"minecraft:cooked_porkchop":26,"minecraft:diamond_axe":1,"minecraft:crafting_table":6,"minecraft:iron_helmet":1,"minecraft:wooden_pickaxe":2,"minecraft:baked_potato":29,"minecraft:campfire":1,"minecraft:stone_axe":3,"minecraft:bread":4,"minecraft:air":0,"minecraft:iron_chestplate":1,"minecraft:diamond_pickaxe":1,"minecraft:shield":2,"minecraft:stick":44,"minecraft:iron_ingot":31,"minecraft:iron_pickaxe":1,"minecraft:iron_leggings":1,"minecraft:torch":8}},"DataVersion":3465}