{"stats":{"minecraft:killed":{"minecraft:spider":12,"minecraft:skeleton":23,"minecraft:chicken":3,"minecraft:pig":9,"minecraft:creeper":9,"minecraft:sheep":8,"minecraft:zombie":24,"minecraft:enderman":1,"minecraft:cow":5},"minecraft:picked_up":{"minecraft:wooden_axe":2,"minecraft:iron_chestplate":1,"minecraft:crafting_table":7,"minecraft:wheat":16,"minecraft:azure_bluet":1,"minecraft:chicken":3,"minecraft:clay_ball":112,"minecraft:brown_mushroom":1,"minecraft:diamond_sword":2,"minecraft:wooden_pickaxe":2,"minecraft:potion":1,"minecraft:brewing_stand":1,"minecraft:shield":2,"minecraft:string":19,"minecraft:moss_carpet":16,"minecraft:wooden_sword":1,"minecraft:iron_leggings":1,"minecraft:cobbled_deepslate":119,"minecraft:beef":10,"minecraft:oak_boat":6,"minecraft:iron_nugget":8,"minecraft:sugar_cane":21,"minecraft:chest":1,"minecraft:birch_sapling":3,"minecraft:furnace":7,"minecraft:iron_boots":1,"minecraft:stick":105,"minecraft:raw_iron":141,"minecraft:cherry_stairs":3,"minecraft:big_dripleaf":4,"minecraft:torch":1,"minecraft:bowl":1,"minecraft:porkchop":20,"minecraft:cherry_log":223,"minecraft:dark_oak_planks":10,"minecraft:arrow":41,"minecraft:rotten_flesh":38,"minecraft:tropical_fish":46,"minecraft:saddle":1,"minecraft:glow_berries":189,"minecraft:mutton":9,"minecraft:cobblestone":678,"minecraft:white_wool":4,"minecraft:pink_petals":168,"minecraft:feather":1,"minecraft:andesite":4,"minecraft:cherry_planks":5,"minecraft:glow_ink_sac":16,"minecraft:water_bucket":1,"minecraft:salmon":4,"minecraft:leather":4,"minecraft:red_mushroom":4,"minecraft:smoker":4,"minecraft:potato":65,"minecraft:flint":2,"minecraft:tuff":13,"minecraft:oak_log":36,"minecraft:lily_pad":1,"minecraft:cherry_fence":2,"minecraft:gunpowder":24,"minecraft:cobblestone_stairs":1,"minecraft:lapis_lazuli":54,"minecraft:dirt":681,"minecraft:name_tag":4,"minecraft:leather_boots":1,"minecraft:bone":25,"minecraft:apple":1,"minecraft:bow":4,"minecraft:wheat_seeds":85,"minecraft:raw_gold":26,"minecraft:stone_pickaxe":1,"minecraft:moss_block":26,"minecraft:flowering_azalea":9,"minecraft:cooked_porkchop":8,"minecraft:dandelion":9,"minecraft:gravel":14,"minecraft:grass_block":1,"minecraft:red_terracotta":5,"minecraft:dark_oak_log":54,"minecraft:spider_eye":9,"minecraft:blue_terracotta":3,"minecraft:diamond":17,"minecraft:stone_axe":2,"minecraft:bone_meal":4,"minecraft:cherry_sapling":135,"minecraft:gray_wool":1,"minecraft:bread":1,"minecraft:oak_sapling":12,"minecraft:black_wool":1,"minecraft:coal":129,"minecraft:diamond_pickaxe":1},"minecraft:mined":{"minecraft:tuff":3,"minecraft:deepslate_diamond_ore":11,"minecraft:cherry_log":223,"minecraft:cobblestone_stairs":1,"minecraft:cherry_sapling":7,"minecraft:dark_oak_log":21,"minecraft:brewing_stand":1,"minecraft:cave_vines_plant":21,"minecraft:grass_block":249,"minecraft:moss_block":10,"minecraft:spawner":2,"minecraft:furnace":4,"minecraft:iron_ore":41,"minecraft:cobbled_deepslate":3,"minecraft:andesite":3,"minecraft:deepslate_lapis_ore":4,"minecraft:azure_bluet":1,"minecraft:potatoes":16,"minecraft:vine":1,"minecraft:cave_vines":46,"minecraft:deepslate_iron_ore":53,"minecraft:stone":562,"minecraft:cherry_stairs":3,"minecraft:flowering_azalea":5,"minecraft:cherry_planks":5,"minecraft:smoker":4,"minecraft:dandelion":8,"minecraft:clay":11,"minecraft:crafting_table":6,"minecraft:chest":1,"minecraft:cobblestone":7,"minecraft:tall_grass":17,"minecraft:deepslate_gold_ore":13,"minecraft:sugar_cane":12,"minecraft:pink_petals":79,"minecraft:cherry_fence":2,"minecraft:wheat":16,"minecraft:grass":172,"minecraft:coal_ore":71,"minecraft:oak_log":36,"minecraft:cherry_leaves":288,"minecraft:gravel":1,"minecraft:dirt":364,"minecraft:red_mushroom_block":12,"minecraft:oak_leaves":19,"minecraft:deepslate":84},"minecraft:used":{"minecraft:moss_block":24,"minecraft:cherry_sapling":83,"minecraft:blue_terracotta":3,"minecraft:tropical_fish":21,"minecraft:stone_shovel":499,"minecraft:chest":3,"minecraft:shield":64,"minecraft:stone":339,"minecraft:stone_hoe":110,"minecraft:rotten_flesh":6,"minecraft:iron_chestplate":1,"minecraft:dirt":190,"minecraft:mutton":1,"minecraft:salmon_bucket":15,"minecraft:tuff":4,"minecraft:azure_bluet":1,"minecraft:wooden_axe":2,"minecraft:dark_oak_planks":9,"minecraft:flowering_azalea":8,"minecraft:iron_boots":2,"minecraft:bow":6,"minecraft:furnace":7,"minecraft:oak_sapling":1,"minecraft:cooked_beef":5,"minecraft:potato":67,"minecraft:cobbled_deepslate":29,"minecraft:cherry_fence":31,"minecraft:cherry_log":144,"minecraft:iron_leggings":2,"minecraft:wheat_seeds":53,"minecraft:cooked_mutton":4,"minecraft:water_bucket":38,"minecraft:cobblestone_stairs":9,"minecraft:glass_bottle":10,"minecraft:stone_pickaxe":176,"minecraft:baked_potato":6,"minecraft:wooden_pickaxe":31,"minecraft:cherry_planks":212,"minecraft:diamond_axe":291,"minecraft:white_wool":1,"minecraft:glow_berries":139,"minecraft:crafting_table":10,"minecraft:smoker":7,"minecraft:diamond_pickaxe":429,"minecraft:apple":1,"minecraft:chicken":1,"minecraft:bread":9,"minecraft:string":7,"minecraft:iron_pickaxe":252,"minecraft:red_terracotta":5,"minecraft:stone_axe":106,"minecraft:pink_petals":136,"minecraft:diamond_sword":150,"minecraft:potion":11,"minecraft:cobblestone":122,"minecraft:cherry_stairs":12,"minecraft:cooked_porkchop":20,"minecraft:andesite":2,"minecraft:bucket":54,"minecraft:oak_boat":5,"minecraft:dandelion":8,"minecraft:bone_meal":102},"minecraft:dropped":{"minecraft:bread":2,"minecraft:brown_mushroom":1,"minecraft:wheat_seeds":18,"minecraft:glass_bottle":1,"minecraft:crafting_table":1,"minecraft:cooked_porkchop":5,"minecraft:cobblestone":15,"minecraft:glow_berries":2,"minecraft:tropical_fish":25,"minecraft:flint":1,"minecraft:stick":32,"minecraft:dark_oak_log":18,"minecraft:wooden_axe":1,"minecraft:bone_meal":2,"minecraft:dark_oak_planks":8,"minecraft:lily_pad":1,"minecraft:bone":7,"minecraft:stone_axe":2,"minecraft:moss_carpet":12,"minecraft:bowl":1,"minecraft:tuff":6,"minecraft:chicken":1,"minecraft:clay_ball":68,"minecraft:name_tag":2,"minecraft:diamond_sword":1,"minecraft:big_dripleaf":4,"minecraft:shield":2,"minecraft:leather_boots":1,"minecraft:oak_sapling":1,"minecraft:spider_eye":5,"minecraft:bow":1,"minecraft:wooden_pickaxe":1,"minecraft:stone_pickaxe":3},"minecraft:broken":{"minecraft:stone_axe":1,"minecraft:iron_pickaxe":1,"minecraft:stone_shovel":3},"minecraft:custom":{"minecraft:mob_kills":97,"minecraft:animals_bred":1,"minecraft:interact_with_crafting_table":59,"minecraft:leave_game":2,"minecraft:time_since_death":210433,"minecraft:climb_one_cm":2912,"minecraft:sprint_one_cm":811794,"minecraft:walk_one_cm":711199,"minecraft:damage_blocked_by_shield":2920,"minecraft:drop":59,"minecraft:talked_to_villager":1,"minecraft:play_time":315058,"minecraft:deaths":3,"minecraft:sneak_time":22585,"minecraft:walk_under_water_one_cm":24994,"minecraft:boat_one_cm":237915,"minecraft:jump":8886,"minecraft:walk_on_water_one_cm":49954,"minecraft:total_world_time":315058,"minecraft:interact_with_furnace":64,"minecraft:interact_with_stonecutter":1,"minecraft:time_since_rest":211048,"minecraft:damage_taken":3468,"minecraft:damage_dealt":14408,"minecraft:swim_one_cm":129892,"minecraft:fly_one_cm":1649201,"minecraft:open_chest":70,"minecraft:crouch_one_cm":77695,"minecraft:interact_with_smoker":36,"minecraft:fall_one_cm":270769},"minecraft:crafted":{"minecraft:cherry_planks":316,"minecraft:oak_planks":28,"minecraft:stone_shovel":4,"minecraft:furnace":6,"minecraft:stone":339,"minecraft:cobblestone_stairs":8,"minecraft:bone_meal":100,"minecraft:cooked_mutton":6,"minecraft:iron_boots":1,"minecraft:cherry_stairs":40,"minecraft:stone_pickaxe":4,"minecraft:chest":2,"minecraft:dark_oak_planks":60,"minecraft:stone_hoe":1,"minecraft:cherry_fence":33,"minecraft:smoker":3,"minecraft:cooked_beef":5,"minecraft:diamond_sword":1,"minecraft:cooked_porkchop":17,"minecraft:diamond_axe":1,"minecraft:crafting_table":5,"minecraft:wooden_pickaxe":2,"minecraft:baked_potato":7,"minecraft:stone_axe":3,"minecraft:bread":4,"minecraft:air":0,"minecraft:iron_chestplate":1,"minecraft:diamond_pickaxe":1,"minecraft:shield":1,"minecraft:stick":40,"minecraft:iron_ingot":23,"minecraft:iron_pickaxe":1,"minecraft:iron_leggings":1}},"DataVersion":3465}