{"stats":{"minecraft:killed":{"minecraft:spider":17,"minecraft:skeleton":33,"minecraft:chicken":3,"minecraft:pig":9,"minecraft:zombie_villager":1,"minecraft:creeper":15,"minecraft:sheep":8,"minecraft:zombie":37,"minecraft:enderman":2,"minecraft:cow":5},"minecraft:picked_up":{"minecraft:wooden_axe":2,"minecraft:iron_chestplate":1,"minecraft:crafting_table":7,"minecraft:wheat":16,"minecraft:azure_bluet":1,"minecraft:chicken":3,"minecraft:clay_ball":112,"minecraft:brown_mushroom":1,"minecraft:diamond_sword":2,"minecraft:wooden_pickaxe":2,"minecraft:potion":1,"minecraft:brewing_stand":1,"minecraft:shield":2,"minecraft:raw_copper":33,"minecraft:string":22,"minecraft:moss_carpet":16,"minecraft:wooden_sword":1,"minecraft:iron_leggings":1,"minecraft:iron_shovel":1,"minecraft:cobbled_deepslate":218,"minecraft:beef":10,"minecraft:oak_boat":6,"minecraft:iron_nugget":8,"minecraft:sugar_cane":21,"minecraft:chest":1,"minecraft:birch_sapling":3,"minecraft:furnace":7,"minecraft:iron_boots":1,"minecraft:stick":105,"minecraft:raw_iron":189,"minecraft:cherry_stairs":3,"minecraft:oak_door":2,"minecraft:big_dripleaf":4,"minecraft:torch":10,"minecraft:bowl":1,"minecraft:porkchop":20,"minecraft:cherry_log":225,"minecraft:carrot":1,"minecraft:redstone":56,"minecraft:dark_oak_planks":10,"minecraft:stone_shovel":1,"minecraft:honey_bottle":1,"minecraft:arrow":56,"minecraft:rotten_flesh":51,"minecraft:tropical_fish":46,"minecraft:saddle":1,"minecraft:glow_berries":189,"minecraft:mutton":9,"minecraft:cobblestone":808,"minecraft:white_wool":4,"minecraft:pink_petals":169,"minecraft:feather":1,"minecraft:andesite":4,"minecraft:cherry_planks":5,"minecraft:glow_ink_sac":16,"minecraft:water_bucket":1,"minecraft:salmon":4,"minecraft:leather":4,"minecraft:red_mushroom":4,"minecraft:smoker":4,"minecraft:potato":76,"minecraft:flint":2,"minecraft:tuff":13,"minecraft:oak_log":36,"minecraft:lily_pad":1,"minecraft:cherry_fence":2,"minecraft:gunpowder":32,"minecraft:cobblestone_stairs":1,"minecraft:lapis_lazuli":121,"minecraft:dirt":705,"minecraft:name_tag":4,"minecraft:leather_boots":1,"minecraft:glass":6,"minecraft:bone":41,"minecraft:apple":1,"minecraft:bow":7,"minecraft:wheat_seeds":85,"minecraft:raw_gold":54,"minecraft:stone_pickaxe":1,"minecraft:moss_block":26,"minecraft:stone_hoe":1,"minecraft:flowering_azalea":9,"minecraft:cooked_porkchop":8,"minecraft:dandelion":9,"minecraft:gravel":16,"minecraft:blast_furnace":1,"minecraft:white_bed":1,"minecraft:grass_block":1,"minecraft:red_terracotta":5,"minecraft:dark_oak_log":54,"minecraft:spider_eye":10,"minecraft:blue_terracotta":3,"minecraft:diamond":22,"minecraft:stone_axe":2,"minecraft:bone_meal":4,"minecraft:cherry_sapling":137,"minecraft:gray_wool":1,"minecraft:emerald":1,"minecraft:bread":1,"minecraft:oak_sapling":12,"minecraft:black_wool":1,"minecraft:coal":257,"minecraft:ender_pearl":1,"minecraft:diamond_pickaxe":1},"minecraft:mined":{"minecraft:tuff":3,"minecraft:white_bed":1,"minecraft:deepslate_diamond_ore":16,"minecraft:oak_door":2,"minecraft:sculk_vein":2,"minecraft:cherry_log":225,"minecraft:cobblestone_stairs":1,"minecraft:cherry_sapling":7,"minecraft:dark_oak_log":21,"minecraft:brewing_stand":1,"minecraft:granite":2,"minecraft:cave_vines_plant":21,"minecraft:grass_block":249,"minecraft:moss_block":10,"minecraft:spawner":2,"minecraft:furnace":4,"minecraft:iron_ore":63,"minecraft:cobbled_deepslate":10,"minecraft:andesite":18,"minecraft:deepslate_lapis_ore":14,"minecraft:azure_bluet":1,"minecraft:potatoes":19,"minecraft:vine":1,"minecraft:cave_vines":46,"minecraft:deepslate_iron_ore":79,"minecraft:stone":751,"minecraft:cherry_stairs":3,"minecraft:deepslate_redstone_ore":12,"minecraft:flowering_azalea":5,"minecraft:cherry_planks":5,"minecraft:smoker":4,"minecraft:dandelion":8,"minecraft:clay":11,"minecraft:crafting_table":6,"minecraft:torch":6,"minecraft:blast_furnace":1,"minecraft:emerald_ore":1,"minecraft:chest":1,"minecraft:sculk_sensor":7,"minecraft:copper_ore":10,"minecraft:cobblestone":7,"minecraft:tall_grass":17,"minecraft:lapis_ore":1,"minecraft:deepslate_gold_ore":41,"minecraft:sugar_cane":12,"minecraft:diorite":10,"minecraft:sculk":38,"minecraft:wall_torch":3,"minecraft:pink_petals":80,"minecraft:cherry_fence":2,"minecraft:wheat":16,"minecraft:grass":173,"minecraft:coal_ore":202,"minecraft:oak_log":36,"minecraft:cherry_leaves":289,"minecraft:gravel":1,"minecraft:dirt":372,"minecraft:red_mushroom_block":12,"minecraft:oak_leaves":19,"minecraft:deepslate":164},"minecraft:used":{"minecraft:moss_block":24,"minecraft:cherry_sapling":85,"minecraft:blue_terracotta":3,"minecraft:tropical_fish":21,"minecraft:stone_shovel":500,"minecraft:chest":3,"minecraft:shield":91,"minecraft:stone":339,"minecraft:stone_hoe":110,"minecraft:rotten_flesh":14,"minecraft:oak_door":2,"minecraft:iron_chestplate":1,"minecraft:torch":9,"minecraft:dirt":190,"minecraft:mutton":1,"minecraft:salmon_bucket":17,"minecraft:tuff":4,"minecraft:azure_bluet":1,"minecraft:wooden_axe":2,"minecraft:dark_oak_planks":9,"minecraft:flowering_azalea":8,"minecraft:iron_helmet":1,"minecraft:iron_boots":2,"minecraft:bow":11,"minecraft:furnace":7,"minecraft:oak_sapling":1,"minecraft:cooked_beef":5,"minecraft:potato":70,"minecraft:cobbled_deepslate":68,"minecraft:cherry_fence":31,"minecraft:cherry_log":144,"minecraft:iron_leggings":2,"minecraft:wheat_seeds":53,"minecraft:cooked_mutton":4,"minecraft:water_bucket":55,"minecraft:cobblestone_stairs":9,"minecraft:glass_bottle":11,"minecraft:stone_pickaxe":176,"minecraft:baked_potato":15,"minecraft:wooden_pickaxe":31,"minecraft:cherry_planks":212,"minecraft:diamond_axe":297,"minecraft:white_wool":1,"minecraft:glow_berries":139,"minecraft:crafting_table":11,"minecraft:blast_furnace":1,"minecraft:white_bed":1,"minecraft:campfire":1,"minecraft:smoker":7,"minecraft:diamond_pickaxe":992,"minecraft:apple":1,"minecraft:chicken":1,"minecraft:bread":10,"minecraft:string":7,"minecraft:iron_pickaxe":252,"minecraft:red_terracotta":5,"minecraft:stone_axe":106,"minecraft:pink_petals":136,"minecraft:diamond_sword":246,"minecraft:potion":11,"minecraft:cobblestone":189,"minecraft:cherry_stairs":12,"minecraft:cooked_porkchop":20,"minecraft:andesite":2,"minecraft:bucket":73,"minecraft:oak_boat":6,"minecraft:dandelion":8,"minecraft:bone_meal":102},"minecraft:dropped":{"minecraft:stone_hoe":1,"minecraft:bread":2,"minecraft:brown_mushroom":1,"minecraft:wheat_seeds":18,"minecraft:glass_bottle":1,"minecraft:crafting_table":1,"minecraft:cooked_porkchop":5,"minecraft:cobblestone":15,"minecraft:glow_berries":2,"minecraft:tropical_fish":25,"minecraft:flint":1,"minecraft:stick":32,"minecraft:dirt":64,"minecraft:dark_oak_log":18,"minecraft:wooden_axe":1,"minecraft:bone_meal":2,"minecraft:dark_oak_planks":8,"minecraft:lily_pad":1,"minecraft:bone":7,"minecraft:stone_axe":2,"minecraft:moss_carpet":12,"minecraft:bowl":1,"minecraft:tuff":6,"minecraft:stone_shovel":1,"minecraft:chicken":1,"minecraft:rotten_flesh":3,"minecraft:clay_ball":68,"minecraft:name_tag":2,"minecraft:diamond_sword":1,"minecraft:big_dripleaf":4,"minecraft:shield":2,"minecraft:leather_boots":1,"minecraft:oak_sapling":1,"minecraft:spider_eye":6,"minecraft:bow":1,"minecraft:wooden_pickaxe":1,"minecraft:stone_pickaxe":3},"minecraft:broken":{"minecraft:stone_axe":1,"minecraft:iron_pickaxe":1,"minecraft:stone_shovel":3},"minecraft:custom":{"minecraft:mob_kills":133,"minecraft:animals_bred":2,"minecraft:interact_with_crafting_table":64,"minecraft:leave_game":2,"minecraft:time_since_death":258433,"minecraft:climb_one_cm":2912,"minecraft:sprint_one_cm":928707,"minecraft:walk_one_cm":817923,"minecraft:damage_blocked_by_shield":3900,"minecraft:drop":66,"minecraft:talked_to_villager":1,"minecraft:play_time":363058,"minecraft:deaths":3,"minecraft:sneak_time":33363,"minecraft:walk_under_water_one_cm":34336,"minecraft:boat_one_cm":237915,"minecraft:jump":10297,"minecraft:interact_with_blast_furnace":3,"minecraft:walk_on_water_one_cm":61143,"minecraft:total_world_time":363058,"minecraft:interact_with_furnace":64,"minecraft:interact_with_stonecutter":1,"minecraft:time_since_rest":259048,"minecraft:damage_taken":4040,"minecraft:damage_dealt":20464,"minecraft:swim_one_cm":137742,"minecraft:fly_one_cm":1849508,"minecraft:open_chest":81,"minecraft:crouch_one_cm":101912,"minecraft:interact_with_smoker":42,"minecraft:fall_one_cm":307530,"minecraft:horse_one_cm":907},"minecraft:crafted":{"minecraft:cherry_planks":316,"minecraft:oak_door":3,"minecraft:oak_planks":60,"minecraft:stone_shovel":4,"minecraft:furnace":6,"minecraft:stone":339,"minecraft:cobblestone_stairs":8,"minecraft:bone_meal":100,"minecraft:cooked_mutton":6,"minecraft:iron_boots":1,"minecraft:cherry_stairs":40,"minecraft:stone_pickaxe":4,"minecraft:chest":2,"minecraft:dark_oak_planks":60,"minecraft:stone_hoe":1,"minecraft:cherry_fence":33,"minecraft:smoker":3,"minecraft:cooked_beef":5,"minecraft:glass_bottle":3,"minecraft:diamond_sword":1,"minecraft:cooked_porkchop":17,"minecraft:diamond_axe":1,"minecraft:crafting_table":6,"minecraft:iron_helmet":1,"minecraft:wooden_pickaxe":2,"minecraft:baked_potato":15,"minecraft:campfire":1,"minecraft:stone_axe":3,"minecraft:bread":4,"minecraft:air":0,"minecraft:iron_chestplate":1,"minecraft:diamond_pickaxe":1,"minecraft:shield":2,"minecraft:stick":44,"minecraft:iron_ingot":31,"minecraft:iron_pickaxe":1,"minecraft:iron_leggings":1,"minecraft:torch":8}},"DataVersion":3465}