{"stats":{"minecraft:killed":{"minecraft:spider":17,"minecraft:skeleton":35,"minecraft:chicken":3,"minecraft:pig":22,"minecraft:zombie_villager":1,"minecraft:creeper":17,"minecraft:sheep":24,"minecraft:zombie":39,"minecraft:cow":5,"minecraft:phantom":3,"minecraft:drowned":1,"minecraft:enderman":2},"minecraft:picked_up":{"minecraft:wooden_axe":2,"minecraft:iron_chestplate":1,"minecraft:wheat":74,"minecraft:diamond_sword":2,"minecraft:potion":1,"minecraft:brewing_stand":1,"minecraft:string":22,"minecraft:raw_copper":33,"minecraft:iron_leggings":1,"minecraft:cobbled_deepslate":222,"minecraft:iron_boots":1,"minecraft:furnace":7,"minecraft:stick":136,"minecraft:big_dripleaf":4,"minecraft:torch":13,"minecraft:porkchop":46,"minecraft:cherry_log":656,"minecraft:honey_bottle":1,"minecraft:rotten_flesh":51,"minecraft:tropical_fish":46,"minecraft:cobblestone":951,"minecraft:birch_log":88,"minecraft:pink_petals":220,"minecraft:feather":1,"minecraft:cherry_planks":123,"minecraft:water_bucket":1,"minecraft:andesite":4,"minecraft:brown_wool":1,"minecraft:dark_oak_boat":1,"minecraft:smoker":4,"minecraft:potato":418,"minecraft:flint":2,"minecraft:tuff":13,"minecraft:cherry_fence":3,"minecraft:dirt":736,"minecraft:lapis_lazuli":121,"minecraft:name_tag":4,"minecraft:leather_boots":1,"minecraft:bone":42,"minecraft:glass":6,"minecraft:bow":8,"minecraft:wheat_seeds":296,"minecraft:raw_gold":54,"minecraft:moss_block":26,"minecraft:stone_hoe":1,"minecraft:cooked_porkchop":8,"minecraft:poisonous_potato":1,"minecraft:grass_block":1,"minecraft:dark_oak_log":320,"minecraft:red_terracotta":5,"minecraft:blue_terracotta":3,"minecraft:diamond":22,"minecraft:bone_meal":4,"minecraft:bread":1,"minecraft:emerald":1,"minecraft:oak_sapling":12,"minecraft:diamond_pickaxe":1,"minecraft:crafting_table":12,"minecraft:azure_bluet":1,"minecraft:chicken":3,"minecraft:clay_ball":112,"minecraft:brown_mushroom":1,"minecraft:wooden_pickaxe":2,"minecraft:shield":2,"minecraft:oak_trapdoor":2,"minecraft:moss_carpet":16,"minecraft:wooden_sword":1,"minecraft:iron_shovel":1,"minecraft:beef":10,"minecraft:oak_boat":6,"minecraft:iron_nugget":8,"minecraft:sugar_cane":21,"minecraft:chest":1,"minecraft:birch_sapling":3,"minecraft:egg":45,"minecraft:dark_oak_sapling":5,"minecraft:raw_iron":189,"minecraft:cherry_stairs":6,"minecraft:oak_door":2,"minecraft:bowl":1,"minecraft:carrot":81,"minecraft:redstone":56,"minecraft:dark_oak_planks":57,"minecraft:arrow":59,"minecraft:stone_shovel":1,"minecraft:saddle":1,"minecraft:glow_berries":189,"minecraft:mutton":35,"minecraft:white_wool":24,"minecraft:glow_ink_sac":16,"minecraft:salmon":4,"minecraft:leather":4,"minecraft:red_mushroom":4,"minecraft:birch_planks":305,"minecraft:oak_log":37,"minecraft:lily_pad":1,"minecraft:gunpowder":41,"minecraft:cobblestone_stairs":1,"minecraft:apple":1,"minecraft:stone_pickaxe":1,"minecraft:flowering_azalea":9,"minecraft:dark_oak_stairs":9,"minecraft:dark_oak_slab":13,"minecraft:dandelion":9,"minecraft:gravel":18,"minecraft:birch_stairs":20,"minecraft:blast_furnace":1,"minecraft:white_bed":1,"minecraft:spider_eye":10,"minecraft:stone_axe":2,"minecraft:cherry_sapling":195,"minecraft:gray_wool":1,"minecraft:black_wool":1,"minecraft:coal":293,"minecraft:ender_pearl":1},"minecraft:used":{"minecraft:moss_block":24,"minecraft:cherry_sapling":151,"minecraft:blue_terracotta":3,"minecraft:chest":3,"minecraft:shield":91,"minecraft:stone":371,"minecraft:rotten_flesh":14,"minecraft:iron_chestplate":1,"minecraft:mutton":1,"minecraft:carrot":74,"minecraft:tuff":4,"minecraft:azure_bluet":1,"minecraft:iron_helmet":1,"minecraft:dark_oak_slab":325,"minecraft:bow":31,"minecraft:dark_oak_boat":1,"minecraft:oak_sapling":1,"minecraft:furnace":7,"minecraft:potato":204,"minecraft:dark_oak_stairs":183,"minecraft:stone_pickaxe":176,"minecraft:wooden_pickaxe":31,"minecraft:diamond_axe":1152,"minecraft:white_wool":11,"minecraft:glow_berries":139,"minecraft:blast_furnace":1,"minecraft:bread":10,"minecraft:string":7,"minecraft:brown_wool":1,"minecraft:red_terracotta":5,"minecraft:diamond_sword":269,"minecraft:andesite":2,"minecraft:oak_boat":6,"minecraft:bone_meal":119,"minecraft:tropical_fish":21,"minecraft:stone_shovel":500,"minecraft:stone_hoe":110,"minecraft:oak_door":2,"minecraft:torch":24,"minecraft:dirt":326,"minecraft:salmon_bucket":17,"minecraft:iron_hoe":265,"minecraft:dark_oak_planks":451,"minecraft:wooden_axe":2,"minecraft:flowering_azalea":8,"minecraft:iron_axe":501,"minecraft:iron_boots":2,"minecraft:cooked_beef":5,"minecraft:cherry_fence":67,"minecraft:cobbled_deepslate":73,"minecraft:cherry_log":482,"minecraft:iron_leggings":2,"minecraft:wheat_seeds":130,"minecraft:cooked_mutton":4,"minecraft:water_bucket":132,"minecraft:cobblestone_stairs":9,"minecraft:birch_planks":203,"minecraft:glass_bottle":11,"minecraft:baked_potato":43,"minecraft:cherry_planks":617,"minecraft:crafting_table":15,"minecraft:campfire":1,"minecraft:white_bed":1,"minecraft:smoker":7,"minecraft:diamond_pickaxe":1272,"minecraft:apple":1,"minecraft:cherry_door":2,"minecraft:chicken":1,"minecraft:iron_pickaxe":252,"minecraft:pink_petals":169,"minecraft:stone_axe":106,"minecraft:cobblestone":189,"minecraft:potion":11,"minecraft:cherry_stairs":14,"minecraft:cooked_porkchop":29,"minecraft:bucket":150,"minecraft:dandelion":8,"minecraft:birch_stairs":13},"minecraft:mined":{"minecraft:dark_oak_planks":47,"minecraft:white_bed":1,"minecraft:cobblestone_stairs":1,"minecraft:cherry_log":656,"minecraft:sculk_vein":2,"minecraft:brewing_stand":1,"minecraft:cave_vines_plant":21,"minecraft:granite":2,"minecraft:grass_block":258,"minecraft:spawner":2,"minecraft:iron_ore":63,"minecraft:cobbled_deepslate":14,"minecraft:deepslate_lapis_ore":14,"minecraft:azure_bluet":1,"minecraft:dark_oak_stairs":9,"minecraft:cave_vines":46,"minecraft:deepslate_redstone_ore":12,"minecraft:smoker":4,"minecraft:clay":11,"minecraft:torch":6,"minecraft:blast_furnace":1,"minecraft:chest":1,"minecraft:cobblestone":7,"minecraft:sugar_cane":12,"minecraft:wall_torch":3,"minecraft:pink_petals":91,"minecraft:cherry_fence":3,"minecraft:dark_oak_slab":11,"minecraft:birch_log":88,"minecraft:wheat":75,"minecraft:grass":184,"minecraft:oak_log":36,"minecraft:dirt":386,"minecraft:red_mushroom_block":12,"minecraft:oak_leaves":20,"minecraft:deepslate":164,"minecraft:tuff":3,"minecraft:dark_oak_leaves":4,"minecraft:deepslate_diamond_ore":16,"minecraft:oak_door":2,"minecraft:cherry_sapling":11,"minecraft:dark_oak_log":287,"minecraft:moss_block":10,"minecraft:furnace":4,"minecraft:carrots":23,"minecraft:andesite":18,"minecraft:potatoes":124,"minecraft:deepslate_iron_ore":79,"minecraft:vine":1,"minecraft:stone":990,"minecraft:cherry_stairs":6,"minecraft:white_wool":10,"minecraft:birch_stairs":13,"minecraft:flowering_azalea":5,"minecraft:cherry_planks":123,"minecraft:dandelion":8,"minecraft:crafting_table":11,"minecraft:emerald_ore":1,"minecraft:sculk_sensor":7,"minecraft:tall_grass":17,"minecraft:copper_ore":10,"minecraft:deepslate_gold_ore":41,"minecraft:lapis_ore":1,"minecraft:sculk":38,"minecraft:diorite":10,"minecraft:birch_planks":203,"minecraft:coal_ore":238,"minecraft:cherry_leaves":532,"minecraft:gravel":1},"minecraft:dropped":{"minecraft:brown_mushroom":1,"minecraft:birch_planks":128,"minecraft:oak_log":1,"minecraft:glass_bottle":1,"minecraft:crafting_table":1,"minecraft:cooked_porkchop":5,"minecraft:glow_berries":2,"minecraft:flint":1,"minecraft:dirt":73,"minecraft:dark_oak_log":18,"minecraft:bone_meal":2,"minecraft:dark_oak_planks":13,"minecraft:white_wool":1,"minecraft:birch_stairs":12,"minecraft:bone":7,"minecraft:gravel":4,"minecraft:stone_axe":2,"minecraft:rotten_flesh":6,"minecraft:gunpowder":8,"minecraft:leather_boots":1,"minecraft:egg":12,"minecraft:stone_hoe":1,"minecraft:iron_ingot":2,"minecraft:bread":2,"minecraft:wheat_seeds":79,"minecraft:poisonous_potato":1,"minecraft:cobblestone":15,"minecraft:tropical_fish":25,"minecraft:stick":32,"minecraft:wooden_axe":1,"minecraft:pink_petals":18,"minecraft:lily_pad":1,"minecraft:moss_carpet":12,"minecraft:oak_trapdoor":2,"minecraft:bowl":1,"minecraft:tuff":6,"minecraft:stone_shovel":2,"minecraft:chicken":1,"minecraft:clay_ball":68,"minecraft:name_tag":2,"minecraft:diamond_sword":1,"minecraft:big_dripleaf":4,"minecraft:potato":12,"minecraft:shield":2,"minecraft:oak_sapling":1,"minecraft:spider_eye":6,"minecraft:bow":2,"minecraft:stone_pickaxe":3,"minecraft:wooden_pickaxe":1},"minecraft:broken":{"minecraft:stone_axe":1,"minecraft:stone_shovel":3,"minecraft:iron_hoe":1,"minecraft:iron_axe":2,"minecraft:iron_pickaxe":1},"minecraft:custom":{"minecraft:animals_bred":12,"minecraft:interact_with_crafting_table":88,"minecraft:leave_game":2,"minecraft:time_since_death":444433,"minecraft:sprint_one_cm":1333195,"minecraft:damage_blocked_by_shield":3900,"minecraft:drop":88,"minecraft:talked_to_villager":1,"minecraft:play_time":549058,"minecraft:deaths":3,"minecraft:jump":14310,"minecraft:walk_on_water_one_cm":81990,"minecraft:interact_with_furnace":77,"minecraft:sleep_in_bed":1,"minecraft:damage_dealt":23931,"minecraft:crouch_one_cm":229500,"minecraft:interact_with_smoker":67,"minecraft:horse_one_cm":907,"minecraft:mob_kills":172,"minecraft:climb_one_cm":3151,"minecraft:walk_one_cm":1398433,"minecraft:sneak_time":62073,"minecraft:walk_under_water_one_cm":49434,"minecraft:boat_one_cm":248634,"minecraft:interact_with_blast_furnace":16,"minecraft:total_world_time":549058,"minecraft:interact_with_stonecutter":1,"minecraft:time_since_rest":8728,"minecraft:damage_taken":5085,"minecraft:swim_one_cm":141969,"minecraft:fly_one_cm":2507638,"minecraft:open_chest":119,"minecraft:fall_one_cm":409138},"minecraft:crafted":{"minecraft:oak_planks":60,"minecraft:cobblestone_stairs":8,"minecraft:stone":523,"minecraft:cooked_mutton":6,"minecraft:bow":2,"minecraft:iron_boots":1,"minecraft:chest":2,"minecraft:stone_hoe":1,"minecraft:cherry_fence":72,"minecraft:smoker":3,"minecraft:glass_bottle":3,"minecraft:cooked_porkchop":26,"minecraft:diamond_axe":1,"minecraft:crafting_table":6,"minecraft:wooden_pickaxe":2,"minecraft:baked_potato":159,"minecraft:iron_helmet":1,"minecraft:birch_planks":240,"minecraft:campfire":1,"minecraft:dark_oak_slab":312,"minecraft:diamond_pickaxe":1,"minecraft:iron_chestplate":1,"minecraft:shield":2,"minecraft:stick":44,"minecraft:iron_ingot":65,"minecraft:iron_pickaxe":1,"minecraft:birch_stairs":12,"minecraft:cherry_planks":688,"minecraft:oak_door":3,"minecraft:stone_shovel":4,"minecraft:furnace":6,"minecraft:bone_meal":148,"minecraft:iron_axe":2,"minecraft:iron_hoe":1,"minecraft:cherry_stairs":40,"minecraft:stone_pickaxe":4,"minecraft:dark_oak_planks":996,"minecraft:cooked_beef":5,"minecraft:diamond_sword":1,"minecraft:dark_oak_stairs":204,"minecraft:stone_axe":3,"minecraft:bread":4,"minecraft:air":0,"minecraft:cherry_door":3,"minecraft:iron_leggings":1,"minecraft:torch":24}},"DataVersion":3465}