{"stats":{"minecraft:killed_by":{"minecraft:player":1},"minecraft:killed":{"minecraft:spider":3,"minecraft:skeleton":6,"minecraft:chicken":4,"minecraft:drowned":1,"minecraft:pig":12,"minecraft:salmon":11,"minecraft:sheep":5,"minecraft:zombie":11,"minecraft:cow":13},"minecraft:picked_up":{"minecraft:wooden_axe":1,"minecraft:fishing_rod":4,"minecraft:crafting_table":25,"minecraft:azure_bluet":1,"minecraft:chicken":3,"minecraft:brown_mushroom":1,"minecraft:wooden_pickaxe":2,"minecraft:potion":1,"minecraft:stone_brick_stairs":4,"minecraft:string":4,"minecraft:raw_copper":5,"minecraft:cooked_salmon":3,"minecraft:wooden_sword":1,"minecraft:pufferfish":6,"minecraft:cobbled_deepslate":6,"minecraft:smooth_stone":1,"minecraft:beef":25,"minecraft:oak_boat":4,"minecraft:poppy":6,"minecraft:sugar_cane":6,"minecraft:chest":1,"minecraft:furnace":5,"minecraft:dark_oak_door":1,"minecraft:dark_oak_sapling":28,"minecraft:stick":69,"minecraft:raw_iron":63,"minecraft:stone":1,"minecraft:oak_fence":2,"minecraft:torch":7,"minecraft:bowl":1,"minecraft:porkchop":15,"minecraft:cherry_log":295,"minecraft:pointed_dripstone":1,"minecraft:diorite":14,"minecraft:dark_oak_planks":21,"minecraft:cherry_fence_gate":3,"minecraft:arrow":8,"minecraft:rotten_flesh":13,"minecraft:hay_block":4,"minecraft:glow_berries":3,"minecraft:mutton":6,"minecraft:cod":23,"minecraft:rail":6,"minecraft:white_wool":4,"minecraft:cobblestone":643,"minecraft:oxeye_daisy":1,"minecraft:pink_petals":63,"minecraft:lilac":5,"minecraft:feather":1,"minecraft:cooked_beef":14,"minecraft:cherry_planks":20,"minecraft:andesite":15,"minecraft:salmon":21,"minecraft:leather":12,"minecraft:smoker":1,"minecraft:red_mushroom":4,"minecraft:mushroom_stew":1,"minecraft:flint":1,"minecraft:lily_pad":2,"minecraft:oak_log":108,"minecraft:yellow_glazed_terracotta":1,"minecraft:cobblestone_wall":1,"minecraft:dirt":1009,"minecraft:cooked_mutton":7,"minecraft:bone":8,"minecraft:apple":1,"minecraft:stone_bricks":107,"minecraft:bow":1,"minecraft:wheat_seeds":20,"minecraft:stone_pickaxe":1,"minecraft:iron_ingot":14,"minecraft:oak_planks":621,"minecraft:iron_sword":1,"minecraft:oak_slab":154,"minecraft:dark_oak_slab":19,"minecraft:cooked_porkchop":13,"minecraft:poisonous_potato":1,"minecraft:dandelion":7,"minecraft:dripstone_block":1,"minecraft:sand":72,"minecraft:blast_furnace":3,"minecraft:white_bed":10,"minecraft:dark_oak_log":553,"minecraft:spider_eye":2,"minecraft:diamond":18,"minecraft:granite":15,"minecraft:cherry_sapling":112,"minecraft:bread":30,"minecraft:oak_sapling":6,"minecraft:coal":289},"minecraft:used":{"minecraft:cherry_sapling":30,"minecraft:iron_shovel":752,"minecraft:stone_shovel":361,"minecraft:poppy":2,"minecraft:chest":3,"minecraft:shield":7,"minecraft:stone":5,"minecraft:iron_sword":144,"minecraft:cooked_chicken":1,"minecraft:cooked_salmon":4,"minecraft:iron_chestplate":1,"minecraft:torch":28,"minecraft:dirt":573,"minecraft:stone_brick_slab":2,"minecraft:granite":4,"minecraft:wooden_axe":26,"minecraft:dark_oak_planks":34,"minecraft:iron_axe":339,"minecraft:iron_helmet":1,"minecraft:dark_oak_slab":722,"minecraft:iron_boots":1,"minecraft:cherry_fence_gate":2,"minecraft:stone_brick_stairs":28,"minecraft:stone_bricks":255,"minecraft:furnace":12,"minecraft:oak_sapling":6,"minecraft:cooked_cod":13,"minecraft:cooked_beef":2,"minecraft:cobbled_deepslate":2,"minecraft:dark_oak_sapling":20,"minecraft:cherry_log":161,"minecraft:iron_leggings":1,"minecraft:dark_oak_stairs":4,"minecraft:cooked_mutton":3,"minecraft:oak_planks":753,"minecraft:stone_pickaxe":573,"minecraft:wooden_pickaxe":2,"minecraft:cherry_planks":145,"minecraft:stonecutter":1,"minecraft:sugar_cane":6,"minecraft:salmon":2,"minecraft:glow_berries":3,"minecraft:oak_slab":236,"minecraft:crafting_table":25,"minecraft:blast_furnace":4,"minecraft:mushroom_stew":1,"minecraft:stone_brick_wall":14,"minecraft:white_bed":11,"minecraft:dripstone_block":1,"minecraft:smoker":1,"minecraft:dark_oak_door":1,"minecraft:apple":1,"minecraft:dark_oak_log":18,"minecraft:chicken":1,"minecraft:iron_pickaxe":363,"minecraft:stone_axe":1181,"minecraft:fishing_rod":88,"minecraft:wooden_sword":13,"minecraft:cobblestone":179,"minecraft:cooked_porkchop":9,"minecraft:poisonous_potato":1,"minecraft:andesite":4,"minecraft:glass_pane":15,"minecraft:oak_boat":5},"minecraft:mined":{"minecraft:dark_oak_planks":22,"minecraft:white_bed":6,"minecraft:deepslate_diamond_ore":18,"minecraft:dark_oak_leaves":41,"minecraft:cherry_log":297,"minecraft:cherry_sapling":4,"minecraft:dark_oak_log":558,"minecraft:cave_vines_plant":2,"minecraft:granite":11,"minecraft:grass_block":478,"minecraft:brown_mushroom_block":1,"minecraft:hay_block":4,"minecraft:smooth_stone":1,"minecraft:tall_seagrass":1,"minecraft:furnace":5,"minecraft:iron_ore":27,"minecraft:andesite":12,"minecraft:azure_bluet":1,"minecraft:pointed_dripstone":1,"minecraft:cave_vines":7,"minecraft:deepslate_iron_ore":7,"minecraft:stone":610,"minecraft:oak_slab":200,"minecraft:cherry_planks":23,"minecraft:smoker":1,"minecraft:dandelion":6,"minecraft:crafting_table":22,"minecraft:torch":2,"minecraft:blast_furnace":2,"minecraft:poppy":4,"minecraft:chest":1,"minecraft:cobblestone":8,"minecraft:tall_grass":4,"minecraft:copper_ore":1,"minecraft:sugar_cane":3,"minecraft:oak_planks":258,"minecraft:diorite":14,"minecraft:wall_torch":5,"minecraft:pink_petals":38,"minecraft:dark_oak_slab":19,"minecraft:stone_brick_stairs":4,"minecraft:yellow_glazed_terracotta":1,"minecraft:grass":25,"minecraft:coal_ore":93,"minecraft:oak_log":108,"minecraft:cherry_leaves":238,"minecraft:sand":75,"minecraft:gravel":1,"minecraft:dripstone_block":1,"minecraft:dirt":599,"minecraft:stone_bricks":107,"minecraft:oak_leaves":4,"minecraft:deepslate":6},"minecraft:dropped":{"minecraft:iron_ingot":18,"minecraft:iron_sword":1,"minecraft:porkchop":1,"minecraft:wheat_seeds":3,"minecraft:cherry_log":2,"minecraft:cooked_beef":18,"minecraft:oak_log":1,"minecraft:lilac":5,"minecraft:dark_oak_sapling":2,"minecraft:cooked_porkchop":13,"minecraft:oak_fence":2,"minecraft:cobblestone":50,"minecraft:granite":11,"minecraft:rail":6,"minecraft:coal":28,"minecraft:cherry_fence_gate":1,"minecraft:red_mushroom":4,"minecraft:cod":6,"minecraft:pufferfish":5,"minecraft:dirt":4,"minecraft:diorite":14,"minecraft:wooden_axe":2,"minecraft:mutton":4,"minecraft:yellow_glazed_terracotta":1,"minecraft:cooked_cod":3,"minecraft:cherry_planks":56,"minecraft:cooked_salmon":7,"minecraft:potion":1,"minecraft:wooden_sword":2,"minecraft:bone_meal":3,"minecraft:red_dye":1,"minecraft:smooth_stone":1,"minecraft:string":4,"minecraft:dark_oak_planks":36,"minecraft:dark_oak_boat":1,"minecraft:fishing_rod":2,"minecraft:lily_pad":2,"minecraft:white_wool":1,"minecraft:bone":6,"minecraft:cobbled_deepslate":4,"minecraft:raw_copper":5,"minecraft:bowl":2,"minecraft:raw_iron":14,"minecraft:pointed_dripstone":1,"minecraft:cherry_sapling":14,"minecraft:rotten_flesh":11,"minecraft:cooked_mutton":8,"minecraft:azure_bluet":1,"minecraft:salmon":9,"minecraft:poppy":2,"minecraft:andesite":11,"minecraft:oak_boat":1,"minecraft:spider_eye":2,"minecraft:glass":46,"minecraft:arrow":8,"minecraft:stone_pickaxe":1,"minecraft:bow":1,"minecraft:wooden_pickaxe":3},"minecraft:broken":{"minecraft:iron_shovel":3,"minecraft:stone_pickaxe":3,"minecraft:iron_axe":1,"minecraft:stone_axe":9,"minecraft:iron_pickaxe":1,"minecraft:fishing_rod":1,"minecraft:stone_shovel":2},"minecraft:custom":{"minecraft:mob_kills":66,"minecraft:animals_bred":1,"minecraft:interact_with_crafting_table":81,"minecraft:bell_ring":1,"minecraft:leave_game":1,"minecraft:time_since_death":119905,"minecraft:climb_one_cm":454,"minecraft:sprint_one_cm":214321,"minecraft:walk_one_cm":1765585,"minecraft:damage_blocked_by_shield":220,"minecraft:drop":129,"minecraft:talked_to_villager":2,"minecraft:play_time":421100,"minecraft:deaths":1,"minecraft:sneak_time":64002,"minecraft:walk_under_water_one_cm":17657,"minecraft:boat_one_cm":345416,"minecraft:jump":3513,"minecraft:interact_with_brewingstand":1,"minecraft:interact_with_blast_furnace":35,"minecraft:walk_on_water_one_cm":30552,"minecraft:total_world_time":421100,"minecraft:interact_with_furnace":149,"minecraft:interact_with_stonecutter":12,"minecraft:sleep_in_bed":27,"minecraft:time_since_rest":9532,"minecraft:damage_taken":2680,"minecraft:damage_dealt":7212,"minecraft:swim_one_cm":63219,"minecraft:fly_one_cm":207168,"minecraft:open_chest":90,"minecraft:crouch_one_cm":235010,"minecraft:interact_with_smoker":32,"minecraft:fish_caught":35,"minecraft:fall_one_cm":79351,"minecraft:horse_one_cm":5575},"minecraft:crafted":{"minecraft:cherry_planks":184,"minecraft:wooden_sword":1,"minecraft:oak_planks":444,"minecraft:smooth_stone":3,"minecraft:stone_shovel":3,"minecraft:dark_oak_boat":1,"minecraft:cooked_chicken":1,"minecraft:furnace":8,"minecraft:blast_furnace":1,"minecraft:stone":353,"minecraft:bone_meal":3,"minecraft:cooked_mutton":6,"minecraft:glass_pane":16,"minecraft:dark_oak_door":3,"minecraft:glass":46,"minecraft:iron_boots":1,"minecraft:iron_axe":2,"minecraft:stone_pickaxe":4,"minecraft:chest":2,"minecraft:dark_oak_planks":472,"minecraft:cooked_beef":12,"minecraft:cooked_cod":17,"minecraft:oak_slab":204,"minecraft:arrow":4,"minecraft:dark_oak_stairs":16,"minecraft:cooked_porkchop":15,"minecraft:crafting_table":2,"minecraft:wooden_pickaxe":1,"minecraft:iron_helmet":1,"minecraft:iron_sword":1,"minecraft:cooked_salmon":8,"minecraft:stone_axe":9,"minecraft:air":0,"minecraft:oak_boat":2,"minecraft:dark_oak_slab":726,"minecraft:iron_chestplate":1,"minecraft:shield":1,"minecraft:stick":52,"minecraft:iron_ingot":52,"minecraft:iron_pickaxe":2,"minecraft:wooden_axe":1,"minecraft:iron_shovel":3,"minecraft:iron_leggings":1,"minecraft:stonecutter":1,"minecraft:white_bed":1,"minecraft:torch":24}},"DataVersion":3465}