{"stats":{"minecraft:custom":{"minecraft:animals_bred":1,"minecraft:interact_with_crafting_table":158,"minecraft:open_barrel":5,"minecraft:bell_ring":1,"minecraft:leave_game":2,"minecraft:time_since_death":333115,"minecraft:sprint_one_cm":254808,"minecraft:damage_blocked_by_shield":790,"minecraft:drop":141,"minecraft:talked_to_villager":3,"minecraft:play_time":634310,"minecraft:deaths":1,"minecraft:jump":4542,"minecraft:interact_with_brewingstand":1,"minecraft:walk_on_water_one_cm":39016,"minecraft:interact_with_furnace":162,"minecraft:sleep_in_bed":40,"minecraft:damage_dealt":7554,"minecraft:crouch_one_cm":277078,"minecraft:interact_with_smoker":33,"minecraft:horse_one_cm":5575,"minecraft:mob_kills":66,"minecraft:climb_one_cm":454,"minecraft:walk_one_cm":2761478,"minecraft:sneak_time":79093,"minecraft:walk_under_water_one_cm":20403,"minecraft:boat_one_cm":353060,"minecraft:interact_with_blast_furnace":35,"minecraft:total_world_time":634310,"minecraft:interact_with_stonecutter":13,"minecraft:time_since_rest":22069,"minecraft:damage_taken":3350,"minecraft:swim_one_cm":65215,"minecraft:fly_one_cm":244097,"minecraft:open_chest":138,"minecraft:fish_caught":35,"minecraft:fall_one_cm":100780},"minecraft:mined":{"minecraft:dark_oak_planks":43,"minecraft:white_bed":17,"minecraft:cherry_log":442,"minecraft:cherry_trapdoor":3,"minecraft:cave_vines_plant":2,"minecraft:granite":11,"minecraft:grass_block":592,"minecraft:stone_brick_wall":1,"minecraft:oak_wall_sign":2,"minecraft:smooth_stone":1,"minecraft:tall_seagrass":1,"minecraft:dark_oak_trapdoor":25,"minecraft:iron_ore":27,"minecraft:azure_bluet":1,"minecraft:dark_oak_stairs":12,"minecraft:pointed_dripstone":1,"minecraft:cave_vines":7,"minecraft:oak_stairs":7,"minecraft:smoker":2,"minecraft:torch":3,"minecraft:blast_furnace":2,"minecraft:poppy":4,"minecraft:chest":1,"minecraft:cobblestone":8,"minecraft:sugar_cane":9,"minecraft:oak_planks":625,"minecraft:wall_torch":9,"minecraft:cherry_slab":19,"minecraft:pink_petals":38,"minecraft:cherry_fence":2,"minecraft:dark_oak_slab":46,"minecraft:dark_oak_door":4,"minecraft:cherry_door":1,"minecraft:yellow_glazed_terracotta":1,"minecraft:stone_brick_stairs":4,"minecraft:grass":27,"minecraft:oak_log":109,"minecraft:sand":119,"minecraft:dirt":800,"minecraft:oak_leaves":4,"minecraft:deepslate":6,"minecraft:dark_oak_leaves":41,"minecraft:deepslate_diamond_ore":18,"minecraft:cherry_sapling":4,"minecraft:dark_oak_log":558,"minecraft:brown_mushroom_block":1,"minecraft:cherry_wall_sign":6,"minecraft:hay_block":4,"minecraft:oak_trapdoor":19,"minecraft:furnace":11,"minecraft:andesite":12,"minecraft:deepslate_iron_ore":7,"minecraft:stone":729,"minecraft:cherry_stairs":15,"minecraft:oak_slab":205,"minecraft:glass_pane":2,"minecraft:cherry_planks":248,"minecraft:dandelion":6,"minecraft:crafting_table":22,"minecraft:tall_grass":5,"minecraft:copper_ore":1,"minecraft:diorite":14,"minecraft:coal_ore":93,"minecraft:cherry_leaves":238,"minecraft:gravel":11,"minecraft:dripstone_block":1,"minecraft:stone_bricks":125,"minecraft:cherry_sign":1},"minecraft:broken":{"minecraft:iron_shovel":3,"minecraft:stone_pickaxe":3,"minecraft:stone_axe":10,"minecraft:wooden_axe":1,"minecraft:fishing_rod":1,"minecraft:stone_shovel":5,"minecraft:iron_axe":4,"minecraft:iron_pickaxe":1},"minecraft:killed":{"minecraft:spider":3,"minecraft:skeleton":6,"minecraft:chicken":4,"minecraft:pig":12,"minecraft:salmon":11,"minecraft:sheep":5,"minecraft:zombie":11,"minecraft:cow":13,"minecraft:drowned":1},"minecraft:crafted":{"minecraft:smooth_stone":3,"minecraft:oak_planks":444,"minecraft:oak_sign":3,"minecraft:barrel":10,"minecraft:dark_oak_boat":1,"minecraft:cherry_slab":6,"minecraft:oak_pressure_plate":4,"minecraft:cooked_chicken":1,"minecraft:stone":353,"minecraft:cooked_mutton":6,"minecraft:dark_oak_door":3,"minecraft:glass":90,"minecraft:iron_boots":1,"minecraft:chest":5,"minecraft:cherry_fence":6,"minecraft:smoker":1,"minecraft:oak_slab":204,"minecraft:item_frame":4,"minecraft:arrow":4,"minecraft:cooked_porkchop":15,"minecraft:crafting_table":5,"minecraft:wooden_pickaxe":1,"minecraft:iron_helmet":1,"minecraft:dark_oak_slab":768,"minecraft:iron_chestplate":1,"minecraft:charcoal":3,"minecraft:cherry_sign":9,"minecraft:shield":1,"minecraft:stick":116,"minecraft:iron_ingot":52,"minecraft:iron_pickaxe":2,"minecraft:cherry_planks":452,"minecraft:wooden_sword":1,"minecraft:stone_shovel":5,"minecraft:furnace":8,"minecraft:blast_furnace":1,"minecraft:dark_oak_trapdoor":74,"minecraft:bone_meal":3,"minecraft:oak_trapdoor":36,"minecraft:glass_pane":64,"minecraft:cherry_trapdoor":2,"minecraft:dark_oak_fence":33,"minecraft:iron_axe":4,"minecraft:cherry_stairs":76,"minecraft:stone_pickaxe":5,"minecraft:dark_oak_planks":1052,"minecraft:cooked_beef":12,"minecraft:cooked_cod":17,"minecraft:dark_oak_stairs":16,"minecraft:iron_sword":1,"minecraft:cooked_salmon":8,"minecraft:stone_axe":9,"minecraft:air":0,"minecraft:oak_boat":2,"minecraft:oak_stairs":36,"minecraft:wooden_axe":3,"minecraft:iron_shovel":3,"minecraft:cherry_door":12,"minecraft:iron_leggings":1,"minecraft:stonecutter":1,"minecraft:white_bed":1,"minecraft:torch":56},"minecraft:picked_up":{"minecraft:wooden_axe":1,"minecraft:oak_stairs":7,"minecraft:potion":1,"minecraft:stone_brick_stairs":4,"minecraft:raw_copper":5,"minecraft:string":4,"minecraft:dark_oak_trapdoor":26,"minecraft:cooked_salmon":3,"minecraft:pufferfish":6,"minecraft:oak_sign":2,"minecraft:cobbled_deepslate":6,"minecraft:smooth_stone":1,"minecraft:furnace":11,"minecraft:dark_oak_door":5,"minecraft:stick":70,"minecraft:oak_fence":2,"minecraft:torch":17,"minecraft:porkchop":15,"minecraft:cherry_log":440,"minecraft:pointed_dripstone":1,"minecraft:diorite":14,"minecraft:rotten_flesh":15,"minecraft:cod":23,"minecraft:cobblestone":798,"minecraft:pink_petals":63,"minecraft:lilac":5,"minecraft:feather":1,"minecraft:cooked_beef":26,"minecraft:cherry_planks":268,"minecraft:andesite":15,"minecraft:smoker":2,"minecraft:flint":2,"minecraft:cherry_fence":2,"minecraft:dirt":1258,"minecraft:cherry_door":1,"minecraft:bone":9,"minecraft:bow":2,"minecraft:wheat_seeds":23,"minecraft:oak_planks":981,"minecraft:cooked_porkchop":13,"minecraft:poisonous_potato":1,"minecraft:oak_pressure_plate":2,"minecraft:sand":116,"minecraft:dark_oak_log":553,"minecraft:diamond":18,"minecraft:granite":15,"minecraft:bread":57,"minecraft:oak_sapling":6,"minecraft:cherry_slab":25,"minecraft:fishing_rod":4,"minecraft:crafting_table":25,"minecraft:azure_bluet":1,"minecraft:chicken":3,"minecraft:brown_mushroom":1,"minecraft:wooden_pickaxe":2,"minecraft:stone_brick_wall":1,"minecraft:shield":2,"minecraft:oak_trapdoor":24,"minecraft:wooden_sword":1,"minecraft:item_frame":3,"minecraft:beef":25,"minecraft:oak_boat":4,"minecraft:poppy":6,"minecraft:sugar_cane":12,"minecraft:chest":1,"minecraft:cherry_trapdoor":3,"minecraft:egg":60,"minecraft:dark_oak_sapling":29,"minecraft:stone":1,"minecraft:raw_iron":63,"minecraft:cherry_stairs":15,"minecraft:bowl":1,"minecraft:dark_oak_planks":78,"minecraft:cherry_fence_gate":3,"minecraft:arrow":8,"minecraft:stone_shovel":1,"minecraft:hay_block":4,"minecraft:glow_berries":3,"minecraft:mutton":6,"minecraft:white_wool":4,"minecraft:rail":6,"minecraft:oxeye_daisy":1,"minecraft:salmon":22,"minecraft:leather":12,"minecraft:red_mushroom":4,"minecraft:mushroom_stew":1,"minecraft:lily_pad":2,"minecraft:oak_log":109,"minecraft:yellow_glazed_terracotta":1,"minecraft:cobblestone_wall":1,"minecraft:cooked_mutton":7,"minecraft:apple":1,"minecraft:stone_bricks":125,"minecraft:iron_ingot":20,"minecraft:stone_pickaxe":1,"minecraft:cherry_sign":7,"minecraft:iron_sword":1,"minecraft:dark_oak_stairs":12,"minecraft:oak_slab":159,"minecraft:dark_oak_slab":113,"minecraft:dandelion":7,"minecraft:dripstone_block":1,"minecraft:gravel":9,"minecraft:blast_furnace":3,"minecraft:white_bed":21,"minecraft:spider_eye":2,"minecraft:stone_axe":1,"minecraft:cherry_sapling":112,"minecraft:baked_potato":5,"minecraft:coal":340},"minecraft:killed_by":{"minecraft:player":1},"minecraft:dropped":{"minecraft:iron_sword":1,"minecraft:brown_mushroom":1,"minecraft:porkchop":1,"minecraft:cooked_beef":18,"minecraft:oak_pressure_plate":2,"minecraft:oak_log":1,"minecraft:dark_oak_sapling":2,"minecraft:cooked_porkchop":13,"minecraft:rail":6,"minecraft:red_mushroom":4,"minecraft:cod":6,"minecraft:flint":2,"minecraft:dirt":4,"minecraft:mutton":4,"minecraft:cooked_cod":3,"minecraft:wooden_sword":2,"minecraft:bone_meal":3,"minecraft:iron_pickaxe":1,"minecraft:dark_oak_planks":36,"minecraft:fishing_rod":2,"minecraft:dark_oak_boat":1,"minecraft:white_wool":1,"minecraft:bone":8,"minecraft:cobbled_deepslate":4,"minecraft:pointed_dripstone":1,"minecraft:cherry_sapling":14,"minecraft:rotten_flesh":11,"minecraft:cooked_mutton":8,"minecraft:azure_bluet":1,"minecraft:salmon":9,"minecraft:poppy":2,"minecraft:arrow":13,"minecraft:glass":46,"minecraft:iron_ingot":18,"minecraft:wheat_seeds":5,"minecraft:cherry_log":2,"minecraft:lilac":5,"minecraft:oak_fence":2,"minecraft:cobblestone":50,"minecraft:granite":11,"minecraft:coal":28,"minecraft:cherry_fence_gate":1,"minecraft:stick":4,"minecraft:pufferfish":5,"minecraft:diorite":14,"minecraft:wooden_axe":2,"minecraft:yellow_glazed_terracotta":1,"minecraft:cherry_planks":56,"minecraft:cooked_salmon":7,"minecraft:potion":1,"minecraft:red_dye":1,"minecraft:smooth_stone":1,"minecraft:string":4,"minecraft:lily_pad":2,"minecraft:raw_copper":5,"minecraft:bowl":2,"minecraft:raw_iron":14,"minecraft:stone_shovel":1,"minecraft:andesite":11,"minecraft:oak_boat":1,"minecraft:spider_eye":2,"minecraft:bow":1,"minecraft:stone_pickaxe":1,"minecraft:wooden_pickaxe":3},"minecraft:used":{"minecraft:cherry_sapling":30,"minecraft:iron_shovel":752,"minecraft:poppy":2,"minecraft:oak_sign":2,"minecraft:chest":6,"minecraft:shield":14,"minecraft:stone":5,"minecraft:iron_sword":148,"minecraft:iron_chestplate":1,"minecraft:iron_helmet":1,"minecraft:dark_oak_slab":886,"minecraft:stone_brick_stairs":32,"minecraft:stone_bricks":280,"minecraft:item_frame":6,"minecraft:furnace":14,"minecraft:oak_sapling":6,"minecraft:cooked_cod":13,"minecraft:egg":12,"minecraft:dark_oak_sapling":24,"minecraft:dark_oak_stairs":28,"minecraft:stone_pickaxe":589,"minecraft:oak_planks":764,"minecraft:wooden_pickaxe":2,"minecraft:sugar_cane":12,"minecraft:glow_berries":3,"minecraft:dark_oak_trapdoor":85,"minecraft:mushroom_stew":1,"minecraft:blast_furnace":4,"minecraft:dripstone_block":1,"minecraft:stone_brick_wall":17,"minecraft:dark_oak_log":18,"minecraft:bread":1,"minecraft:cherry_sign":11,"minecraft:oak_pressure_plate":2,"minecraft:wooden_sword":13,"minecraft:dark_oak_fence":28,"minecraft:andesite":4,"minecraft:poisonous_potato":1,"minecraft:oak_boat":5,"minecraft:oak_trapdoor":37,"minecraft:stone_shovel":645,"minecraft:cooked_salmon":4,"minecraft:cooked_chicken":1,"minecraft:torch":38,"minecraft:dirt":707,"minecraft:granite":4,"minecraft:stone_brick_slab":4,"minecraft:dark_oak_planks":299,"minecraft:wooden_axe":143,"minecraft:iron_axe":1002,"minecraft:oak_stairs":29,"minecraft:cherry_slab":15,"minecraft:cherry_trapdoor":5,"minecraft:iron_boots":1,"minecraft:cherry_fence_gate":2,"minecraft:barrel":10,"minecraft:cooked_beef":8,"minecraft:cobbled_deepslate":2,"minecraft:cherry_fence":2,"minecraft:cherry_log":181,"minecraft:iron_leggings":1,"minecraft:cooked_mutton":4,"minecraft:cherry_planks":532,"minecraft:stonecutter":1,"minecraft:salmon":2,"minecraft:oak_slab":255,"minecraft:crafting_table":29,"minecraft:white_bed":22,"minecraft:smoker":3,"minecraft:dark_oak_door":5,"minecraft:apple":1,"minecraft:cherry_door":6,"minecraft:chicken":2,"minecraft:iron_pickaxe":493,"minecraft:stone_axe":1312,"minecraft:fishing_rod":88,"minecraft:cobblestone":187,"minecraft:cherry_stairs":63,"minecraft:cooked_porkchop":9,"minecraft:glass_pane":34}},"DataVersion":3465}