{"stats":{"minecraft:killed_by":{"minecraft:player":1},"minecraft:killed":{"minecraft:spider":3,"minecraft:skeleton":6,"minecraft:chicken":4,"minecraft:pig":12,"minecraft:salmon":11,"minecraft:sheep":5,"minecraft:zombie":11,"minecraft:cow":13,"minecraft:drowned":1},"minecraft:picked_up":{"minecraft:wooden_axe":1,"minecraft:potion":1,"minecraft:stone_brick_stairs":4,"minecraft:string":4,"minecraft:dark_oak_trapdoor":8,"minecraft:raw_copper":5,"minecraft:cooked_salmon":3,"minecraft:pufferfish":6,"minecraft:smooth_stone":1,"minecraft:cobbled_deepslate":6,"minecraft:furnace":5,"minecraft:dark_oak_door":5,"minecraft:stick":70,"minecraft:oak_fence":2,"minecraft:torch":10,"minecraft:porkchop":15,"minecraft:cherry_log":440,"minecraft:pointed_dripstone":1,"minecraft:diorite":14,"minecraft:rotten_flesh":13,"minecraft:cod":23,"minecraft:cobblestone":704,"minecraft:pink_petals":63,"minecraft:cooked_beef":26,"minecraft:feather":1,"minecraft:lilac":5,"minecraft:cherry_planks":234,"minecraft:andesite":15,"minecraft:smoker":1,"minecraft:flint":1,"minecraft:dirt":1090,"minecraft:bone":9,"minecraft:bow":2,"minecraft:wheat_seeds":23,"minecraft:oak_planks":857,"minecraft:cooked_porkchop":13,"minecraft:poisonous_potato":1,"minecraft:sand":72,"minecraft:dark_oak_log":553,"minecraft:diamond":18,"minecraft:granite":15,"minecraft:bread":57,"minecraft:oak_sapling":6,"minecraft:cherry_slab":15,"minecraft:fishing_rod":4,"minecraft:crafting_table":25,"minecraft:azure_bluet":1,"minecraft:chicken":3,"minecraft:brown_mushroom":1,"minecraft:wooden_pickaxe":2,"minecraft:oak_trapdoor":1,"minecraft:wooden_sword":1,"minecraft:beef":25,"minecraft:oak_boat":4,"minecraft:poppy":6,"minecraft:sugar_cane":6,"minecraft:chest":1,"minecraft:egg":12,"minecraft:dark_oak_sapling":29,"minecraft:cherry_stairs":1,"minecraft:raw_iron":63,"minecraft:stone":1,"minecraft:bowl":1,"minecraft:dark_oak_planks":27,"minecraft:cherry_fence_gate":3,"minecraft:arrow":8,"minecraft:hay_block":4,"minecraft:glow_berries":3,"minecraft:mutton":6,"minecraft:white_wool":4,"minecraft:rail":6,"minecraft:oxeye_daisy":1,"minecraft:salmon":21,"minecraft:leather":12,"minecraft:red_mushroom":4,"minecraft:mushroom_stew":1,"minecraft:yellow_glazed_terracotta":1,"minecraft:oak_log":109,"minecraft:lily_pad":2,"minecraft:cobblestone_wall":1,"minecraft:cooked_mutton":7,"minecraft:apple":1,"minecraft:stone_bricks":116,"minecraft:iron_ingot":20,"minecraft:stone_pickaxe":1,"minecraft:iron_sword":1,"minecraft:dark_oak_stairs":2,"minecraft:oak_slab":154,"minecraft:dark_oak_slab":31,"minecraft:dandelion":7,"minecraft:dripstone_block":1,"minecraft:gravel":1,"minecraft:blast_furnace":3,"minecraft:white_bed":10,"minecraft:spider_eye":2,"minecraft:cherry_sapling":112,"minecraft:coal":289},"minecraft:used":{"minecraft:cherry_sapling":30,"minecraft:iron_shovel":752,"minecraft:poppy":2,"minecraft:shield":8,"minecraft:chest":3,"minecraft:iron_sword":144,"minecraft:stone":5,"minecraft:iron_chestplate":1,"minecraft:iron_helmet":1,"minecraft:dark_oak_slab":754,"minecraft:stone_brick_stairs":28,"minecraft:stone_bricks":280,"minecraft:oak_sapling":6,"minecraft:furnace":12,"minecraft:cooked_cod":13,"minecraft:dark_oak_sapling":24,"minecraft:dark_oak_stairs":4,"minecraft:stone_pickaxe":573,"minecraft:oak_planks":762,"minecraft:wooden_pickaxe":2,"minecraft:sugar_cane":6,"minecraft:glow_berries":3,"minecraft:dark_oak_trapdoor":8,"minecraft:mushroom_stew":1,"minecraft:blast_furnace":4,"minecraft:dripstone_block":1,"minecraft:stone_brick_wall":14,"minecraft:dark_oak_log":18,"minecraft:bread":1,"minecraft:wooden_sword":13,"minecraft:dark_oak_fence":11,"minecraft:andesite":4,"minecraft:poisonous_potato":1,"minecraft:oak_boat":5,"minecraft:oak_trapdoor":30,"minecraft:stone_shovel":395,"minecraft:cooked_salmon":4,"minecraft:cooked_chicken":1,"minecraft:torch":31,"minecraft:dirt":645,"minecraft:granite":4,"minecraft:stone_brick_slab":2,"minecraft:dark_oak_planks":252,"minecraft:wooden_axe":26,"minecraft:iron_axe":968,"minecraft:cherry_slab":1,"minecraft:iron_boots":1,"minecraft:cherry_fence_gate":2,"minecraft:cooked_beef":4,"minecraft:cobbled_deepslate":2,"minecraft:cherry_log":181,"minecraft:iron_leggings":1,"minecraft:cooked_mutton":4,"minecraft:cherry_planks":394,"minecraft:stonecutter":1,"minecraft:salmon":2,"minecraft:oak_slab":236,"minecraft:crafting_table":25,"minecraft:white_bed":11,"minecraft:smoker":1,"minecraft:dark_oak_door":5,"minecraft:apple":1,"minecraft:chicken":2,"minecraft:iron_pickaxe":434,"minecraft:stone_axe":1181,"minecraft:fishing_rod":88,"minecraft:cobblestone":179,"minecraft:cherry_stairs":10,"minecraft:cooked_porkchop":9,"minecraft:glass_pane":15},"minecraft:mined":{"minecraft:dark_oak_planks":30,"minecraft:white_bed":6,"minecraft:cherry_log":442,"minecraft:cave_vines_plant":2,"minecraft:granite":11,"minecraft:grass_block":506,"minecraft:smooth_stone":1,"minecraft:tall_seagrass":1,"minecraft:dark_oak_trapdoor":8,"minecraft:iron_ore":27,"minecraft:azure_bluet":1,"minecraft:dark_oak_stairs":2,"minecraft:pointed_dripstone":1,"minecraft:cave_vines":7,"minecraft:smoker":1,"minecraft:torch":2,"minecraft:blast_furnace":2,"minecraft:poppy":4,"minecraft:chest":1,"minecraft:cobblestone":8,"minecraft:oak_planks":500,"minecraft:sugar_cane":3,"minecraft:wall_torch":7,"minecraft:cherry_slab":9,"minecraft:pink_petals":38,"minecraft:dark_oak_slab":29,"minecraft:dark_oak_door":4,"minecraft:yellow_glazed_terracotta":1,"minecraft:stone_brick_stairs":4,"minecraft:grass":27,"minecraft:oak_log":109,"minecraft:sand":75,"minecraft:dirt":661,"minecraft:oak_leaves":4,"minecraft:deepslate":6,"minecraft:dark_oak_leaves":41,"minecraft:deepslate_diamond_ore":18,"minecraft:cherry_sapling":4,"minecraft:dark_oak_log":558,"minecraft:brown_mushroom_block":1,"minecraft:hay_block":4,"minecraft:oak_trapdoor":1,"minecraft:furnace":5,"minecraft:andesite":12,"minecraft:deepslate_iron_ore":7,"minecraft:stone":671,"minecraft:cherry_stairs":2,"minecraft:oak_slab":200,"minecraft:glass_pane":2,"minecraft:cherry_planks":212,"minecraft:dandelion":6,"minecraft:crafting_table":22,"minecraft:copper_ore":1,"minecraft:tall_grass":5,"minecraft:diorite":14,"minecraft:coal_ore":93,"minecraft:cherry_leaves":238,"minecraft:dripstone_block":1,"minecraft:gravel":2,"minecraft:stone_bricks":116},"minecraft:dropped":{"minecraft:iron_sword":1,"minecraft:brown_mushroom":1,"minecraft:porkchop":1,"minecraft:cooked_beef":18,"minecraft:oak_log":1,"minecraft:dark_oak_sapling":2,"minecraft:cooked_porkchop":13,"minecraft:rail":6,"minecraft:red_mushroom":4,"minecraft:cod":6,"minecraft:dirt":4,"minecraft:mutton":4,"minecraft:cooked_cod":3,"minecraft:wooden_sword":2,"minecraft:bone_meal":3,"minecraft:dark_oak_planks":36,"minecraft:fishing_rod":2,"minecraft:dark_oak_boat":1,"minecraft:white_wool":1,"minecraft:bone":8,"minecraft:cobbled_deepslate":4,"minecraft:cherry_sapling":14,"minecraft:pointed_dripstone":1,"minecraft:rotten_flesh":11,"minecraft:cooked_mutton":8,"minecraft:azure_bluet":1,"minecraft:salmon":9,"minecraft:poppy":2,"minecraft:arrow":13,"minecraft:glass":46,"minecraft:iron_ingot":18,"minecraft:wheat_seeds":5,"minecraft:cherry_log":2,"minecraft:lilac":5,"minecraft:oak_fence":2,"minecraft:cobblestone":50,"minecraft:granite":11,"minecraft:coal":28,"minecraft:cherry_fence_gate":1,"minecraft:pufferfish":5,"minecraft:diorite":14,"minecraft:wooden_axe":2,"minecraft:yellow_glazed_terracotta":1,"minecraft:cherry_planks":56,"minecraft:cooked_salmon":7,"minecraft:potion":1,"minecraft:red_dye":1,"minecraft:smooth_stone":1,"minecraft:string":4,"minecraft:lily_pad":2,"minecraft:raw_copper":5,"minecraft:bowl":2,"minecraft:raw_iron":14,"minecraft:andesite":11,"minecraft:oak_boat":1,"minecraft:spider_eye":2,"minecraft:bow":1,"minecraft:stone_pickaxe":1,"minecraft:wooden_pickaxe":3},"minecraft:broken":{"minecraft:iron_shovel":3,"minecraft:stone_pickaxe":3,"minecraft:stone_axe":9,"minecraft:fishing_rod":1,"minecraft:stone_shovel":3,"minecraft:iron_axe":3,"minecraft:iron_pickaxe":1},"minecraft:custom":{"minecraft:animals_bred":1,"minecraft:interact_with_crafting_table":92,"minecraft:bell_ring":1,"minecraft:leave_game":1,"minecraft:time_since_death":215905,"minecraft:sprint_one_cm":226567,"minecraft:damage_blocked_by_shield":310,"minecraft:drop":135,"minecraft:talked_to_villager":3,"minecraft:play_time":517100,"minecraft:deaths":1,"minecraft:jump":4074,"minecraft:interact_with_brewingstand":1,"minecraft:walk_on_water_one_cm":33651,"minecraft:interact_with_furnace":151,"minecraft:sleep_in_bed":34,"minecraft:damage_dealt":7292,"minecraft:crouch_one_cm":257404,"minecraft:interact_with_smoker":33,"minecraft:horse_one_cm":5575,"minecraft:mob_kills":66,"minecraft:climb_one_cm":454,"minecraft:walk_one_cm":2114460,"minecraft:sneak_time":72611,"minecraft:walk_under_water_one_cm":17986,"minecraft:boat_one_cm":345416,"minecraft:interact_with_blast_furnace":35,"minecraft:total_world_time":517100,"minecraft:interact_with_stonecutter":12,"minecraft:time_since_rest":12146,"minecraft:damage_taken":3058,"minecraft:swim_one_cm":63219,"minecraft:fly_one_cm":220895,"minecraft:open_chest":99,"minecraft:fish_caught":35,"minecraft:fall_one_cm":94072},"minecraft:crafted":{"minecraft:smooth_stone":3,"minecraft:oak_planks":444,"minecraft:dark_oak_boat":1,"minecraft:cooked_chicken":1,"minecraft:stone":353,"minecraft:cooked_mutton":6,"minecraft:glass":46,"minecraft:dark_oak_door":3,"minecraft:iron_boots":1,"minecraft:chest":2,"minecraft:oak_slab":204,"minecraft:arrow":4,"minecraft:cooked_porkchop":15,"minecraft:crafting_table":2,"minecraft:wooden_pickaxe":1,"minecraft:iron_helmet":1,"minecraft:dark_oak_slab":726,"minecraft:iron_chestplate":1,"minecraft:charcoal":3,"minecraft:shield":1,"minecraft:stick":52,"minecraft:iron_ingot":52,"minecraft:iron_pickaxe":2,"minecraft:cherry_planks":432,"minecraft:wooden_sword":1,"minecraft:stone_shovel":3,"minecraft:furnace":8,"minecraft:blast_furnace":1,"minecraft:dark_oak_trapdoor":14,"minecraft:bone_meal":3,"minecraft:glass_pane":16,"minecraft:oak_trapdoor":36,"minecraft:dark_oak_fence":12,"minecraft:iron_axe":4,"minecraft:cherry_stairs":16,"minecraft:stone_pickaxe":4,"minecraft:dark_oak_planks":796,"minecraft:cooked_beef":12,"minecraft:cooked_cod":17,"minecraft:dark_oak_stairs":16,"minecraft:iron_sword":1,"minecraft:cooked_salmon":8,"minecraft:stone_axe":9,"minecraft:air":0,"minecraft:oak_boat":2,"minecraft:wooden_axe":1,"minecraft:iron_shovel":3,"minecraft:iron_leggings":1,"minecraft:stonecutter":1,"minecraft:white_bed":1,"minecraft:torch":24}},"DataVersion":3465}