{"stats":{"minecraft:used":{"minecraft:oak_fence":1,"minecraft:cherry_sapling":4,"minecraft:blue_terracotta":9,"minecraft:stone_sword":34,"minecraft:iron_shovel":1007,"minecraft:stone_shovel":132,"minecraft:poppy":1,"minecraft:chest":5,"minecraft:shield":68,"minecraft:stone":31,"minecraft:iron_sword":55,"minecraft:stone_hoe":148,"minecraft:cooked_salmon":4,"minecraft:cooked_chicken":4,"minecraft:torch":50,"minecraft:dirt":885,"minecraft:mutton":2,"minecraft:cobblestone_wall":25,"minecraft:glass":136,"minecraft:dark_oak_planks":86,"minecraft:wooden_axe":1,"minecraft:flowering_azalea":3,"minecraft:bricks":3,"minecraft:lantern":8,"minecraft:iron_axe":257,"minecraft:cherry_leaves":404,"minecraft:iron_boots":1,"minecraft:cherry_fence_gate":98,"minecraft:mud_bricks":10,"minecraft:bow":2,"minecraft:potato":27,"minecraft:oak_sapling":2,"minecraft:yellow_glazed_terracotta":3,"minecraft:furnace":1,"minecraft:cooked_cod":3,"minecraft:egg":4,"minecraft:cooked_beef":19,"minecraft:cherry_fence":7,"minecraft:cobbled_deepslate":17,"minecraft:pointed_dripstone":2,"minecraft:wheat_seeds":48,"minecraft:water_bucket":12,"minecraft:cooked_mutton":7,"minecraft:oak_planks":3,"minecraft:mud_brick_slab":2,"minecraft:stone_pickaxe":333,"minecraft:wooden_pickaxe":11,"minecraft:white_wool":2,"minecraft:glow_berries":7,"minecraft:yellow_terracotta":2,"minecraft:oak_slab":1,"minecraft:crafting_table":11,"minecraft:blast_furnace":1,"minecraft:white_bed":7,"minecraft:shears":419,"minecraft:smoker":5,"minecraft:dark_oak_door":1,"minecraft:apple":1,"minecraft:bread":4,"minecraft:iron_pickaxe":252,"minecraft:red_terracotta":4,"minecraft:lilac":1,"minecraft:pink_petals":11,"minecraft:stone_axe":122,"minecraft:fishing_rod":26,"minecraft:cobblestone":18,"minecraft:cooked_porkchop":6,"minecraft:porkchop":2,"minecraft:bucket":13,"minecraft:andesite":1,"minecraft:oak_boat":1,"minecraft:bone_meal":9},"minecraft:crafted":{"minecraft:cherry_planks":252,"minecraft:oak_planks":368,"minecraft:stone_shovel":1,"minecraft:fishing_rod":2,"minecraft:iron_nugget":72,"minecraft:cooked_chicken":4,"minecraft:furnace":1,"minecraft:stone":31,"minecraft:mushroom_stew":1,"minecraft:bone_meal":9,"minecraft:cooked_mutton":2,"minecraft:glass":102,"minecraft:dark_oak_door":3,"minecraft:lantern":8,"minecraft:iron_boots":1,"minecraft:iron_axe":1,"minecraft:stone_pickaxe":2,"minecraft:cobblestone_wall":42,"minecraft:chest":4,"minecraft:dark_oak_planks":144,"minecraft:stone_hoe":2,"minecraft:cherry_fence":6,"minecraft:wheat":171,"minecraft:cherry_fence_gate":68,"minecraft:cooked_beef":21,"minecraft:red_dye":1,"minecraft:cooked_porkchop":15,"minecraft:crafting_table":2,"minecraft:wooden_pickaxe":1,"minecraft:iron_helmet":1,"minecraft:iron_sword":1,"minecraft:bucket":1,"minecraft:birch_planks":32,"minecraft:stone_axe":1,"minecraft:bread":57,"minecraft:air":0,"minecraft:iron_chestplate":1,"minecraft:charcoal":10,"minecraft:shield":2,"minecraft:stick":316,"minecraft:iron_ingot":41,"minecraft:iron_pickaxe":1,"minecraft:wooden_axe":1,"minecraft:stone_sword":1,"minecraft:iron_shovel":4,"minecraft:iron_leggings":1,"minecraft:white_bed":1,"minecraft:torch":52,"minecraft:shears":2},"minecraft:mined":{"minecraft:dark_oak_planks":7,"minecraft:yellow_terracotta":2,"minecraft:oak_sapling":1,"minecraft:white_bed":10,"minecraft:dark_oak_leaves":6,"minecraft:cherry_log":61,"minecraft:cherry_sapling":1,"minecraft:dark_oak_log":36,"minecraft:brewing_stand":1,"minecraft:cave_vines_plant":4,"minecraft:granite":4,"minecraft:grass_block":490,"minecraft:brown_mushroom_block":2,"minecraft:mud_bricks":10,"minecraft:oxeye_daisy":2,"minecraft:hay_block":15,"minecraft:tall_seagrass":1,"minecraft:iron_ore":51,"minecraft:andesite":27,"minecraft:azure_bluet":3,"minecraft:potatoes":17,"minecraft:bookshelf":4,"minecraft:pointed_dripstone":1,"minecraft:cave_vines":10,"minecraft:deepslate_iron_ore":13,"minecraft:stone":340,"minecraft:cherry_fence_gate":33,"minecraft:white_wool":1,"minecraft:mud_brick_slab":2,"minecraft:flowering_azalea":3,"minecraft:smoker":5,"minecraft:dandelion":9,"minecraft:cornflower":1,"minecraft:crafting_table":11,"minecraft:oak_fence":2,"minecraft:torch":5,"minecraft:blast_furnace":2,"minecraft:poppy":5,"minecraft:chest":1,"minecraft:glass":1,"minecraft:lectern":1,"minecraft:mushroom_stem":2,"minecraft:cobblestone":1,"minecraft:tall_grass":27,"minecraft:lapis_ore":2,"minecraft:sugar_cane":2,"minecraft:bricks":3,"minecraft:diorite":1,"minecraft:wall_torch":5,"minecraft:pink_petals":73,"minecraft:cherry_fence":6,"minecraft:red_terracotta":9,"minecraft:blue_terracotta":12,"minecraft:cobblestone_wall":13,"minecraft:dark_oak_door":1,"minecraft:birch_log":17,"minecraft:lilac":6,"minecraft:birch_leaves":3,"minecraft:yellow_glazed_terracotta":3,"minecraft:grass":227,"minecraft:oak_log":107,"minecraft:coal_ore":54,"minecraft:cherry_leaves":477,"minecraft:sand":81,"minecraft:dirt":545,"minecraft:red_mushroom_block":8,"minecraft:oak_leaves":64,"minecraft:deepslate":17},"minecraft:dropped":{"minecraft:iron_ingot":9,"minecraft:brown_mushroom":2,"minecraft:birch_planks":1,"minecraft:wheat_seeds":8,"minecraft:cooked_beef":8,"minecraft:cooked_porkchop":14,"minecraft:feather":6,"minecraft:cobblestone":33,"minecraft:cherry_fence_gate":1,"minecraft:rail":1,"minecraft:coal":55,"minecraft:mushroom_stew":1,"minecraft:red_mushroom":6,"minecraft:cod":5,"minecraft:pufferfish":1,"minecraft:diorite":1,"minecraft:wooden_axe":1,"minecraft:cooked_salmon":3,"minecraft:iron_pickaxe":1,"minecraft:bucket":1,"minecraft:pink_petals":11,"minecraft:fishing_rod":2,"minecraft:cobblestone_wall":1,"minecraft:stone_sword":1,"minecraft:pointed_dripstone":1,"minecraft:rotten_flesh":14,"minecraft:oak_planks":368,"minecraft:azure_bluet":1,"minecraft:salmon":1,"minecraft:blast_furnace":1,"minecraft:stone":1,"minecraft:shield":1,"minecraft:leather_boots":3,"minecraft:oak_sapling":3,"minecraft:spider_eye":4,"minecraft:arrow":5,"minecraft:wooden_pickaxe":1,"minecraft:bread":29},"minecraft:broken":{"minecraft:iron_shovel":4,"minecraft:shears":1,"minecraft:stone_hoe":1,"minecraft:stone_pickaxe":2,"minecraft:shield":1,"minecraft:iron_axe":1,"minecraft:stone_axe":1,"minecraft:iron_pickaxe":1,"minecraft:stone_shovel":1},"minecraft:killed":{"minecraft:skeleton":5,"minecraft:chicken":4,"minecraft:pig":9,"minecraft:sheep":1,"minecraft:zombie":17,"minecraft:cow":3},"minecraft:custom":{"minecraft:mob_kills":39,"minecraft:interact_with_crafting_table":74,"minecraft:leave_game":2,"minecraft:time_since_death":302015,"minecraft:climb_one_cm":2237,"minecraft:sprint_one_cm":342901,"minecraft:walk_one_cm":1184536,"minecraft:damage_blocked_by_shield":3230,"minecraft:drop":130,"minecraft:talked_to_villager":3,"minecraft:play_time":302015,"minecraft:sneak_time":10452,"minecraft:walk_under_water_one_cm":7988,"minecraft:boat_one_cm":188598,"minecraft:jump":4399,"minecraft:interact_with_blast_furnace":37,"minecraft:walk_on_water_one_cm":19549,"minecraft:total_world_time":302015,"minecraft:interact_with_furnace":105,"minecraft:sleep_in_bed":4,"minecraft:time_since_rest":175080,"minecraft:damage_taken":3028,"minecraft:damage_dealt":5951,"minecraft:player_kills":1,"minecraft:swim_one_cm":38111,"minecraft:fly_one_cm":554100,"minecraft:open_chest":66,"minecraft:crouch_one_cm":28416,"minecraft:interact_with_smoker":48,"minecraft:fish_caught":7,"minecraft:fall_one_cm":98589,"minecraft:horse_one_cm":119701},"minecraft:picked_up":{"minecraft:fishing_rod":1,"minecraft:mud_brick_slab":2,"minecraft:crafting_table":9,"minecraft:azure_bluet":4,"minecraft:chicken":7,"minecraft:brown_mushroom":3,"minecraft:brewing_stand":1,"minecraft:shield":2,"minecraft:iron_axe":1,"minecraft:cornflower":1,"minecraft:string":4,"minecraft:cooked_salmon":7,"minecraft:iron_leggings":1,"minecraft:pufferfish":12,"minecraft:glass_pane":1,"minecraft:cobbled_deepslate":17,"minecraft:bucket":1,"minecraft:beef":8,"minecraft:oak_boat":2,"minecraft:iron_pickaxe":2,"minecraft:poppy":7,"minecraft:lectern":1,"minecraft:sugar_cane":3,"minecraft:chest":1,"minecraft:iron_boots":1,"minecraft:egg":4,"minecraft:raw_iron":77,"minecraft:stick":33,"minecraft:stone":1,"minecraft:oak_fence":2,"minecraft:torch":10,"minecraft:bowl":2,"minecraft:porkchop":18,"minecraft:cherry_log":63,"minecraft:pointed_dripstone":3,"minecraft:diorite":1,"minecraft:dark_oak_planks":39,"minecraft:cherry_fence_gate":32,"minecraft:stone_shovel":1,"minecraft:arrow":8,"minecraft:rotten_flesh":20,"minecraft:cooked_cod":4,"minecraft:hay_block":15,"minecraft:cooked_beef":18,"minecraft:yellow_terracotta":2,"minecraft:saddle":1,"minecraft:glow_berries":7,"minecraft:mutton":8,"minecraft:cod":12,"minecraft:cobblestone":401,"minecraft:white_wool":5,"minecraft:rail":1,"minecraft:oxeye_daisy":2,"minecraft:birch_log":15,"minecraft:pink_petals":203,"minecraft:mud_bricks":10,"minecraft:feather":6,"minecraft:lilac":1,"minecraft:cherry_planks":56,"minecraft:cherry_leaves":413,"minecraft:andesite":24,"minecraft:salmon":7,"minecraft:leather":26,"minecraft:potato":27,"minecraft:smoker":5,"minecraft:red_mushroom":7,"minecraft:oak_log":107,"minecraft:yellow_glazed_terracotta":3,"minecraft:cherry_fence":6,"minecraft:cobblestone_wall":13,"minecraft:lapis_lazuli":10,"minecraft:dirt":1073,"minecraft:name_tag":1,"minecraft:cooked_mutton":6,"minecraft:leather_boots":3,"minecraft:glass":40,"minecraft:bone":7,"minecraft:apple":1,"minecraft:stone_bricks":205,"minecraft:bow":1,"minecraft:wheat_seeds":39,"minecraft:iron_ingot":21,"minecraft:stone_pickaxe":2,"minecraft:iron_sword":1,"minecraft:oak_planks":3,"minecraft:flowering_azalea":3,"minecraft:book":12,"minecraft:oak_slab":1,"minecraft:cooked_porkchop":17,"minecraft:dandelion":8,"minecraft:sand":76,"minecraft:blast_furnace":2,"minecraft:white_bed":6,"minecraft:red_terracotta":4,"minecraft:dark_oak_log":36,"minecraft:spider_eye":4,"minecraft:blue_terracotta":9,"minecraft:stone_axe":1,"minecraft:iron_helmet":1,"minecraft:cherry_sapling":14,"minecraft:bread":33,"minecraft:oak_sapling":8,"minecraft:coal":168,"minecraft:bricks":3,"minecraft:iron_chestplate":1}},"DataVersion":3465}