{"stats":{"minecraft:killed":{"minecraft:skeleton":5,"minecraft:chicken":4,"minecraft:pig":9,"minecraft:sheep":1,"minecraft:zombie":19,"minecraft:cow":3},"minecraft:picked_up":{"minecraft:iron_chestplate":1,"minecraft:wheat":47,"minecraft:brewing_stand":1,"minecraft:string":4,"minecraft:cooked_salmon":7,"minecraft:iron_leggings":1,"minecraft:pufferfish":13,"minecraft:cobbled_deepslate":17,"minecraft:bucket":1,"minecraft:rose_bush":6,"minecraft:iron_pickaxe":3,"minecraft:melon_slice":6,"minecraft:iron_boots":1,"minecraft:stick":38,"minecraft:oak_fence":2,"minecraft:torch":17,"minecraft:porkchop":18,"minecraft:cherry_log":77,"minecraft:pointed_dripstone":3,"minecraft:diorite":1,"minecraft:rotten_flesh":23,"minecraft:cod":13,"minecraft:cobblestone":585,"minecraft:birch_log":15,"minecraft:pink_petals":203,"minecraft:cooked_beef":18,"minecraft:feather":6,"minecraft:lilac":3,"minecraft:cherry_planks":93,"minecraft:cherry_leaves":413,"minecraft:andesite":24,"minecraft:smoker":5,"minecraft:potato":82,"minecraft:cherry_fence":6,"minecraft:lapis_lazuli":10,"minecraft:dirt":1161,"minecraft:name_tag":1,"minecraft:leather_boots":3,"minecraft:bone":7,"minecraft:glass":40,"minecraft:bow":1,"minecraft:wheat_seeds":166,"minecraft:oak_planks":125,"minecraft:cooked_porkchop":17,"minecraft:sand":141,"minecraft:red_terracotta":4,"minecraft:dark_oak_log":36,"minecraft:blue_terracotta":9,"minecraft:bread":33,"minecraft:oak_sapling":8,"minecraft:cherry_slab":8,"minecraft:bricks":3,"minecraft:fishing_rod":1,"minecraft:mud_brick_slab":2,"minecraft:crafting_table":10,"minecraft:azure_bluet":4,"minecraft:chicken":7,"minecraft:brown_mushroom":3,"minecraft:shield":2,"minecraft:cornflower":1,"minecraft:oak_trapdoor":9,"minecraft:iron_axe":1,"minecraft:glass_pane":1,"minecraft:beef":8,"minecraft:oak_boat":2,"minecraft:poppy":7,"minecraft:lectern":1,"minecraft:sugar_cane":16,"minecraft:chest":1,"minecraft:cherry_trapdoor":3,"minecraft:egg":4,"minecraft:dark_oak_sapling":5,"minecraft:raw_iron":77,"minecraft:stone":1,"minecraft:bowl":3,"minecraft:carrot":63,"minecraft:dark_oak_planks":60,"minecraft:cherry_fence_gate":32,"minecraft:arrow":8,"minecraft:stone_shovel":2,"minecraft:cooked_cod":4,"minecraft:peony":1,"minecraft:hay_block":15,"minecraft:yellow_terracotta":2,"minecraft:saddle":1,"minecraft:glow_berries":7,"minecraft:mutton":8,"minecraft:rail":1,"minecraft:white_wool":5,"minecraft:oxeye_daisy":2,"minecraft:mud_bricks":10,"minecraft:salmon":11,"minecraft:leather":27,"minecraft:red_mushroom":7,"minecraft:oak_log":107,"minecraft:yellow_glazed_terracotta":3,"minecraft:cobblestone_wall":13,"minecraft:cooked_mutton":6,"minecraft:apple":1,"minecraft:stone_bricks":205,"minecraft:iron_ingot":21,"minecraft:stone_pickaxe":2,"minecraft:dark_oak_stairs":2,"minecraft:iron_sword":1,"minecraft:flowering_azalea":3,"minecraft:book":12,"minecraft:oak_slab":1,"minecraft:dark_oak_slab":5,"minecraft:dandelion":8,"minecraft:blast_furnace":2,"minecraft:white_bed":6,"minecraft:spider_eye":4,"minecraft:stone_axe":1,"minecraft:iron_helmet":1,"minecraft:cherry_sapling":16,"minecraft:coal":258},"minecraft:used":{"minecraft:peony":1,"minecraft:cherry_sapling":7,"minecraft:blue_terracotta":9,"minecraft:iron_shovel":1007,"minecraft:poppy":1,"minecraft:shield":129,"minecraft:chest":7,"minecraft:stone":31,"minecraft:iron_sword":65,"minecraft:mutton":2,"minecraft:carrot":50,"minecraft:glass":136,"minecraft:bricks":3,"minecraft:lantern":8,"minecraft:dark_oak_slab":322,"minecraft:cherry_leaves":404,"minecraft:bow":2,"minecraft:oak_sapling":2,"minecraft:yellow_glazed_terracotta":3,"minecraft:furnace":1,"minecraft:cooked_cod":3,"minecraft:egg":4,"minecraft:potato":51,"minecraft:dark_oak_sapling":3,"minecraft:stone_pickaxe":470,"minecraft:oak_planks":7,"minecraft:wooden_pickaxe":11,"minecraft:sugar_cane":16,"minecraft:white_wool":2,"minecraft:glow_berries":7,"minecraft:dark_oak_trapdoor":3,"minecraft:sand":15,"minecraft:yellow_terracotta":2,"minecraft:blast_furnace":1,"minecraft:shears":419,"minecraft:bread":29,"minecraft:red_terracotta":4,"minecraft:lilac":2,"minecraft:andesite":1,"minecraft:oak_boat":1,"minecraft:bone_meal":49,"minecraft:oak_fence":1,"minecraft:rose_bush":6,"minecraft:stone_sword":34,"minecraft:stone_shovel":273,"minecraft:cooked_salmon":4,"minecraft:stone_hoe":148,"minecraft:cooked_chicken":4,"minecraft:torch":79,"minecraft:dirt":1028,"minecraft:cobblestone_wall":25,"minecraft:dark_oak_planks":726,"minecraft:wooden_axe":1,"minecraft:flowering_azalea":3,"minecraft:iron_axe":257,"minecraft:cherry_slab":32,"minecraft:cherry_trapdoor":7,"minecraft:iron_boots":1,"minecraft:melon_seeds":6,"minecraft:cherry_fence_gate":98,"minecraft:mud_bricks":10,"minecraft:barrel":4,"minecraft:cooked_beef":19,"minecraft:cherry_fence":7,"minecraft:cobbled_deepslate":17,"minecraft:pointed_dripstone":2,"minecraft:wheat_seeds":95,"minecraft:cooked_mutton":7,"minecraft:water_bucket":22,"minecraft:mud_brick_slab":2,"minecraft:cherry_planks":192,"minecraft:oak_slab":1,"minecraft:crafting_table":12,"minecraft:white_bed":7,"minecraft:smoker":5,"minecraft:dark_oak_door":1,"minecraft:diamond_pickaxe":155,"minecraft:apple":1,"minecraft:iron_pickaxe":259,"minecraft:stone_axe":341,"minecraft:pink_petals":11,"minecraft:fishing_rod":46,"minecraft:cobblestone":35,"minecraft:cooked_porkchop":6,"minecraft:porkchop":2,"minecraft:bucket":23,"minecraft:glass_pane":32},"minecraft:mined":{"minecraft:dark_oak_planks":28,"minecraft:farmland":36,"minecraft:white_bed":10,"minecraft:oak_sapling":1,"minecraft:cherry_log":75,"minecraft:brewing_stand":1,"minecraft:cherry_trapdoor":3,"minecraft:cave_vines_plant":4,"minecraft:granite":4,"minecraft:grass_block":517,"minecraft:mud_bricks":10,"minecraft:oxeye_daisy":2,"minecraft:tall_seagrass":1,"minecraft:dark_oak_trapdoor":1,"minecraft:iron_ore":51,"minecraft:azure_bluet":3,"minecraft:dark_oak_stairs":2,"minecraft:pointed_dripstone":1,"minecraft:cave_vines":10,"minecraft:smoker":5,"minecraft:torch":6,"minecraft:blast_furnace":2,"minecraft:melon":1,"minecraft:poppy":5,"minecraft:chest":1,"minecraft:mushroom_stem":2,"minecraft:cobblestone":9,"minecraft:glass":1,"minecraft:oak_planks":145,"minecraft:sugar_cane":11,"minecraft:bricks":3,"minecraft:wall_torch":10,"minecraft:cherry_slab":4,"minecraft:pink_petals":73,"minecraft:cherry_fence":6,"minecraft:blue_terracotta":12,"minecraft:dark_oak_slab":3,"minecraft:dark_oak_door":1,"minecraft:birch_log":17,"minecraft:wheat":47,"minecraft:lilac":7,"minecraft:yellow_glazed_terracotta":3,"minecraft:grass":230,"minecraft:oak_log":107,"minecraft:sand":147,"minecraft:dirt":568,"minecraft:red_mushroom_block":8,"minecraft:deepslate":17,"minecraft:oak_leaves":64,"minecraft:yellow_terracotta":2,"minecraft:dark_oak_leaves":6,"minecraft:cherry_sapling":3,"minecraft:dark_oak_log":36,"minecraft:brown_mushroom_block":2,"minecraft:hay_block":15,"minecraft:oak_trapdoor":15,"minecraft:carrots":29,"minecraft:andesite":27,"minecraft:peony":1,"minecraft:bookshelf":4,"minecraft:potatoes":35,"minecraft:deepslate_iron_ore":13,"minecraft:cherry_fence_gate":33,"minecraft:stone":534,"minecraft:white_wool":1,"minecraft:mud_brick_slab":2,"minecraft:flowering_azalea":3,"minecraft:glass_pane":1,"minecraft:cherry_planks":11,"minecraft:dandelion":9,"minecraft:oak_fence":2,"minecraft:crafting_table":12,"minecraft:cornflower":1,"minecraft:rose_bush":7,"minecraft:lectern":1,"minecraft:tall_grass":33,"minecraft:lapis_ore":2,"minecraft:diorite":1,"minecraft:red_terracotta":9,"minecraft:cobblestone_wall":13,"minecraft:birch_leaves":3,"minecraft:coal_ore":144,"minecraft:cherry_leaves":478},"minecraft:dropped":{"minecraft:brown_mushroom":2,"minecraft:birch_planks":1,"minecraft:cooked_beef":20,"minecraft:cooked_porkchop":14,"minecraft:dark_oak_slab":64,"minecraft:rail":1,"minecraft:red_mushroom":6,"minecraft:cod":5,"minecraft:iron_pickaxe":1,"minecraft:fishing_rod":2,"minecraft:pointed_dripstone":1,"minecraft:rotten_flesh":14,"minecraft:oak_planks":368,"minecraft:azure_bluet":1,"minecraft:salmon":2,"minecraft:leather_boots":3,"minecraft:arrow":5,"minecraft:iron_ingot":13,"minecraft:bread":56,"minecraft:wheat_seeds":9,"minecraft:lilac":1,"minecraft:feather":6,"minecraft:cobblestone":33,"minecraft:coal":55,"minecraft:mushroom_stew":1,"minecraft:cherry_fence_gate":1,"minecraft:pufferfish":1,"minecraft:diorite":1,"minecraft:wooden_axe":1,"minecraft:cherry_planks":71,"minecraft:cooked_salmon":3,"minecraft:pink_petals":11,"minecraft:bucket":1,"minecraft:stone_sword":1,"minecraft:cobblestone_wall":1,"minecraft:bowl":1,"minecraft:stone_shovel":1,"minecraft:cherry_slab":2,"minecraft:blast_furnace":1,"minecraft:stone":1,"minecraft:shield":1,"minecraft:oak_sapling":3,"minecraft:spider_eye":4,"minecraft:wooden_pickaxe":1},"minecraft:broken":{"minecraft:iron_shovel":4,"minecraft:shears":1,"minecraft:stone_pickaxe":4,"minecraft:stone_axe":3,"minecraft:stone_shovel":2,"minecraft:stone_hoe":1,"minecraft:shield":1,"minecraft:iron_axe":1,"minecraft:iron_pickaxe":2},"minecraft:custom":{"minecraft:interact_with_crafting_table":93,"minecraft:open_barrel":6,"minecraft:leave_game":2,"minecraft:time_since_death":416015,"minecraft:sprint_one_cm":471269,"minecraft:damage_blocked_by_shield":3868,"minecraft:drop":149,"minecraft:talked_to_villager":4,"minecraft:play_time":416015,"minecraft:jump":5669,"minecraft:walk_on_water_one_cm":28947,"minecraft:interact_with_furnace":131,"minecraft:sleep_in_bed":4,"minecraft:damage_dealt":6447,"minecraft:player_kills":1,"minecraft:crouch_one_cm":48428,"minecraft:interact_with_smoker":49,"minecraft:horse_one_cm":125141,"minecraft:mob_kills":41,"minecraft:climb_one_cm":2237,"minecraft:walk_one_cm":1577913,"minecraft:sneak_time":18317,"minecraft:walk_under_water_one_cm":10196,"minecraft:boat_one_cm":189480,"minecraft:interact_with_blast_furnace":37,"minecraft:total_world_time":416015,"minecraft:time_since_rest":289080,"minecraft:damage_taken":3945,"minecraft:swim_one_cm":65094,"minecraft:fly_one_cm":755248,"minecraft:open_chest":128,"minecraft:fish_caught":13,"minecraft:fall_one_cm":125536},"minecraft:crafted":{"minecraft:oak_planks":368,"minecraft:barrel":8,"minecraft:cherry_slab":42,"minecraft:cooked_chicken":4,"minecraft:stone":31,"minecraft:cooked_mutton":2,"minecraft:dark_oak_door":3,"minecraft:glass":119,"minecraft:iron_boots":1,"minecraft:melon_seeds":3,"minecraft:chest":6,"minecraft:stone_hoe":2,"minecraft:cherry_fence":6,"minecraft:cooked_porkchop":15,"minecraft:crafting_table":2,"minecraft:wooden_pickaxe":1,"minecraft:iron_helmet":1,"minecraft:birch_planks":32,"minecraft:dark_oak_slab":480,"minecraft:iron_chestplate":1,"minecraft:diamond_pickaxe":1,"minecraft:charcoal":10,"minecraft:shield":2,"minecraft:stick":324,"minecraft:iron_ingot":41,"minecraft:iron_pickaxe":1,"minecraft:stone_sword":1,"minecraft:shears":2,"minecraft:cherry_planks":668,"minecraft:stone_shovel":2,"minecraft:fishing_rod":2,"minecraft:iron_nugget":72,"minecraft:furnace":1,"minecraft:mushroom_stew":1,"minecraft:bone_meal":33,"minecraft:glass_pane":32,"minecraft:cherry_trapdoor":8,"minecraft:lantern":8,"minecraft:iron_axe":1,"minecraft:stone_pickaxe":2,"minecraft:cobblestone_wall":42,"minecraft:dark_oak_planks":1232,"minecraft:cherry_fence_gate":68,"minecraft:wheat":171,"minecraft:cooked_beef":21,"minecraft:red_dye":1,"minecraft:iron_sword":1,"minecraft:bucket":1,"minecraft:stone_axe":2,"minecraft:air":0,"minecraft:bread":57,"minecraft:wooden_axe":1,"minecraft:iron_shovel":4,"minecraft:iron_leggings":1,"minecraft:white_bed":1,"minecraft:torch":76}},"DataVersion":3465}